a	000	58	2	2	10	14	1.0666666666666667	2	24	26	12	14	14	28	1	1	0
a	001	24	0	1	6	5	1.2857142857142858	0	6	6	4	3	6	9	1	1	3
a	002	27	0	0	5	6	0.8571428571428571	0	5	5	5	6	2	2	1	1	0
a	003	42	0	0	8	7	0.9166666666666666	0	9	12	14	12	13	9	1	1	0
a	004	31	0	2	6	5	0.9	1	5	6	12	10	10	7	1	1	0
a	005	33	0	4	8	6	1.3	1	6	7	7	8	13	14	1	1	4
a	006	43	1	0	8	10	1.0	0	4	8	8	7	4	3	1	1	0
a	007	43	3	0	10	8	0.7692307692307693	2	6	8	13	16	13	8	1	1	0
a	008	21	0	1	5	4	0.75	1	2	3	9	9	11	4	1	1	1
a	009	46	1	0	9	8	1.0	0	8	9	10	12	11	8	1	1	0
a	010	34	0	1	8	6	1.125	0	6	6	7	7	4	6	1	1	0
a	011	58	0	1	10	12	1.1428571428571428	0	13	17	10	11	11	12	1	1	0
a	012	38	0	1	8	7	1.0	0	6	7	9	11	8	5	1	1	0
a	013	43	0	0	7	6	0.8461538461538461	0	9	10	16	15	17	10	1	1	0
a	014	43	2	0	8	8	0.8461538461538461	1	9	9	10	12	11	9	1	1	0
a	015	50	0	1	10	8	1.0769230769230769	0	8	10	15	12	13	9	1	1	0
a	016	65	1	2	14	8	1.1333333333333333	0	13	16	18	17	10	16	1	1	0
a	017	28	0	1	4	5	0.7777777777777778	0	7	6	11	11	11	6	1	1	0
a	018	38	0	0	9	8	0.75	0	5	6	12	10	12	8	1	1	1
a	019	45	0	1	10	4	1.0	1	12	11	13	15	18	20	1	1	4
a	020	34	0	0	7	5	1.2222222222222223	0	9	9	11	10	15	12	1	1	2
a	021	20	1	1	4	4	0.875	1	3	4	8	8	12	5	1	1	0
a	022	44	0	0	10	6	0.7692307692307693	1	8	10	15	16	13	11	1	1	1
a	023	49	1	0	10	9	0.6923076923076923	0	14	11	11	12	11	12	1	1	0
a	024	34	0	1	5	5	1.0	0	10	10	12	12	14	12	1	1	0
a	025	57	0	0	12	7	0.9285714285714286	1	9	11	19	18	12	9	1	1	0
a	026	80	0	0	12	9	0.75	0	9	12	7	11	0	0	1	1	0
a	027	28	1	0	7	4	1.25	1	7	8	9	9	12	8	1	1	0
a	028	37	0	2	7	7	1.2222222222222223	1	8	10	10	7	7	9	1	1	0
a	029	35	0	1	7	7	1.375	1	10	10	5	7	4	11	1	1	0
a	030	30	2	1	7	5	0.9090909090909091	1	6	6	10	12	16	10	1	1	2
a	031	38	0	0	8	7	1.1111111111111112	1	8	9	8	9	7	8	1	1	0
a	032	46	0	1	9	9	1.1818181818181819	0	11	13	8	8	7	11	1	1	0
a	033	50	0	1	10	9	1.0833333333333333	2	12	14	13	12	7	12	1	0	0
a	034	57	0	0	13	10	1.1538461538461537	1	12	13	15	14	9	11	1	0	0
a	035	42	0	0	9	6	0.8461538461538461	1	7	10	14	18	19	13	1	1	1
a	036	37	0	0	7	6	0.9090909090909091	1	7	8	12	13	14	10	1	1	2
a	037	35	0	3	8	5	1.3333333333333333	1	10	11	9	9	9	12	1	1	1
a	038	45	0	1	10	7	1.0909090909090908	0	8	10	12	10	8	10	1	1	0
a	039	31	0	0	5	4	0.75	1	7	6	15	15	21	10	1	1	2
a	040	47	0	1	10	4	1.25	0	16	18	14	15	15	23	1	1	2
a	041	43	1	0	10	7	1.0	1	9	9	14	14	18	14	1	1	3
a	042	38	1	0	8	5	0.6923076923076923	1	7	8	16	18	19	10	1	1	1
a	043	46	0	1	7	9	0.9166666666666666	0	8	12	13	14	13	6	1	1	0
a	044	29	0	2	7	3	1.2222222222222223	1	7	7	7	7	9	13	1	1	3
a	045	44	0	1	10	6	1.0909090909090908	0	7	8	12	11	9	7	1	1	0
a	046	37	0	1	8	7	1.4444444444444444	0	9	9	6	5	7	10	1	1	0
a	047	42	0	0	9	8	1.3333333333333333	0	9	9	6	10	7	11	1	1	1
a	048	56	0	1	12	9	1.0	0	9	11	16	14	10	10	1	1	0
a	049	43	2	2	9	8	0.9090909090909091	1	12	11	7	9	4	12	1	1	0
a	050	21	1	0	3	6	0.8571428571428571	1	9	10	3	6	7	13	1	1	0
a	051	59	0	0	11	11	1.0	0	8	10	8	10	4	2	1	1	0
a	052	30	1	0	6	4	1.25	0	11	10	6	8	6	12	1	1	0
a	053	41	0	0	10	7	0.9090909090909091	1	5	8	12	11	10	8	1	1	1
a	054	31	0	0	6	4	0.9090909090909091	1	5	6	9	9	16	12	1	1	3
a	055	41	0	0	9	7	1.0909090909090908	1	9	7	10	12	15	12	1	1	3
a	056	38	0	2	7	6	1.0909090909090908	1	7	9	12	10	11	10	1	1	0
a	057	39	0	2	7	7	1.4444444444444444	1	11	12	8	6	7	14	1	1	0
a	058	37	0	1	8	6	1.0	0	7	7	9	10	9	7	1	1	0
a	059	39	0	0	7	6	0.8461538461538461	1	9	9	15	15	20	13	1	1	1
a	060	41	0	1	9	8	1.1	0	8	9	10	8	7	9	1	1	0
a	061	32	0	1	9	6	1.3333333333333333	0	5	7	10	8	15	11	1	1	4
a	062	46	1	0	10	8	0.8333333333333334	0	6	6	12	13	9	5	1	1	0
a	063	32	0	2	6	7	1.5714285714285714	1	7	9	5	4	4	8	1	1	0
a	064	32	3	0	6	4	1.1818181818181819	1	10	10	8	9	16	16	1	1	5
a	065	30	0	0	7	6	1.2857142857142858	0	7	6	7	6	6	6	1	1	0
a	066	58	0	1	10	9	0.8333333333333334	0	9	10	6	9	0	1	1	1	0
a	067	32	0	0	6	4	0.8181818181818182	1	6	7	13	13	16	8	1	1	0
a	068	35	0	3	7	3	1.0833333333333333	3	8	8	14	14	21	16	1	0	6
a	069	29	0	1	8	5	1.1111111111111112	0	4	5	12	9	15	7	1	1	2
a	070	48	0	1	9	8	1.1666666666666667	0	11	11	14	11	11	11	1	1	0
a	071	37	1	0	6	4	0.9285714285714286	1	8	9	12	13	20	17	1	1	4
a	072	41	0	0	7	10	1.0	2	11	13	8	8	8	12	1	1	0
a	073	28	0	0	8	6	1.25	0	4	4	7	8	13	6	1	1	2
a	074	50	0	2	10	7	1.2727272727272727	0	11	12	12	11	6	11	1	1	0
a	075	35	0	1	7	5	1.2	0	9	10	8	12	13	12	1	1	0
a	076	31	1	0	6	6	0.7777777777777778	1	8	9	7	7	4	9	1	1	0
a	077	53	1	1	13	8	1.0	0	9	10	20	22	24	11	1	1	1
a	078	60	0	0	10	10	1.0	0	9	9	8	12	0	0	1	1	0
a	079	24	1	1	5	4	1.25	1	6	7	7	9	15	9	1	1	2
a	080	29	0	0	7	6	1.2857142857142858	0	4	6	5	4	3	3	1	1	0
a	081	55	0	0	11	10	1.0714285714285714	0	12	14	14	14	13	12	1	1	0
a	082	17	1	0	4	3	1.2	0	5	5	2	5	3	5	1	1	0
a	083	33	0	3	5	3	1.0	0	7	6	13	15	21	12	1	1	3
a	084	34	1	0	9	6	0.9	0	5	6	11	12	11	7	1	1	0
a	085	58	0	0	11	9	0.9230769230769231	0	11	12	13	15	5	10	1	1	0
a	086	36	0	0	9	5	1.0909090909090908	1	9	9	11	10	16	15	1	1	3
a	087	38	0	1	9	8	1.3333333333333333	0	8	9	8	8	7	10	1	1	0
a	088	44	3	1	7	6	0.7857142857142857	0	11	10	13	16	13	11	1	1	0
a	089	34	1	0	7	9	1.0	1	10	12	5	6	7	12	1	1	0
a	090	79	0	0	11	13	1.0833333333333333	0	11	12	12	13	0	0	1	1	0
a	091	35	1	0	7	7	1.1818181818181819	0	8	10	9	7	11	13	1	1	2
a	092	31	0	0	7	8	1.4285714285714286	1	7	6	7	7	8	6	1	1	0
a	093	38	0	1	6	4	0.9230769230769231	0	7	8	12	13	14	14	1	1	2
a	094	41	1	0	7	9	1.1	1	11	11	4	6	4	11	1	1	0
a	095	28	0	3	6	4	1.5	1	7	8	6	8	14	13	1	1	4
a	096	35	0	4	5	4	1.4	1	11	12	10	11	16	18	1	1	4
a	097	40	1	0	6	9	0.8181818181818182	1	13	14	7	9	7	14	1	1	0
a	098	46	1	2	6	9	1.0909090909090908	2	17	20	8	9	8	19	1	1	0
a	099	32	0	1	6	5	1.1111111111111112	0	8	10	8	8	10	10	1	1	0
b	000	28	6	0	3	5	0.46153846153846156	1	6	5	13	12	13	5	1	1	0
b	001	32	7	0	5	5	0.5	1	6	6	14	12	13	6	1	1	0
b	002	34	5	0	5	4	0.5333333333333333	1	6	6	17	16	19	9	1	1	0
b	003	39	3	0	5	7	0.8333333333333334	1	12	11	14	12	13	11	1	1	0
b	004	36	5	0	6	6	0.6153846153846154	1	7	6	14	10	12	6	1	1	0
b	005	25	6	0	4	4	0.4166666666666667	1	3	4	12	10	11	3	1	1	0
b	006	43	8	0	7	6	0.75	1	12	12	13	12	12	14	1	1	0
b	007	28	6	0	4	3	0.5384615384615384	1	5	7	13	12	13	7	1	1	0
b	008	34	6	0	3	3	0.6428571428571429	1	11	12	17	14	17	13	1	1	0
b	009	23	7	0	2	2	0.4166666666666667	1	5	6	13	12	13	6	1	1	0
b	010	25	5	0	2	2	0.5454545454545454	1	7	8	13	12	13	8	1	1	0
b	011	29	6	0	4	5	0.5	1	5	4	14	11	15	7	1	1	1
b	012	33	5	0	6	5	0.75	1	9	10	13	9	11	10	1	1	0
b	013	78	0	0	9	11	0.6875	0	8	9	17	13	0	1	1	1	0
b	014	28	4	1	5	5	0.5833333333333334	1	4	6	14	8	12	6	1	1	0
b	015	33	5	0	3	3	0.5714285714285714	1	6	9	16	15	17	9	1	1	1
b	016	63	0	0	13	11	0.8666666666666667	0	21	22	15	12	13	22	1	2	0
b	017	41	6	0	5	6	0.7333333333333333	1	12	12	15	13	14	12	1	1	0
b	018	32	8	0	6	4	0.5714285714285714	1	7	6	14	9	11	8	1	1	0
b	019	36	8	0	4	5	0.47058823529411764	1	8	8	17	14	17	9	1	1	0
b	020	27	5	0	4	4	0.6363636363636364	1	4	6	10	9	11	5	1	1	0
b	021	25	5	0	2	2	0.6363636363636364	1	8	8	12	10	13	10	1	1	1
b	022	28	6	0	5	5	0.46153846153846156	1	3	5	13	10	11	4	1	1	0
b	023	29	9	1	4	1	0.6428571428571429	1	10	10	14	10	14	15	1	1	1
b	024	20	7	0	2	2	0.3333333333333333	1	3	3	13	11	13	4	1	1	0
b	025	37	8	0	6	6	0.3888888888888889	1	3	3	19	15	18	3	1	2	0
b	026	76	1	0	11	10	0.5882352941176471	0	8	9	19	14	1	0	1	1	0
b	027	28	3	1	5	4	0.8	0	8	7	10	8	8	8	1	1	0
b	028	19	4	1	3	3	0.6	1	2	2	9	5	10	5	1	1	1
b	029	32	4	0	4	4	0.6666666666666666	1	8	8	14	11	14	9	1	1	0
b	030	28	5	0	5	5	0.5	1	4	5	12	11	12	4	1	1	0
b	031	30	4	0	6	3	0.7272727272727273	1	7	8	12	9	10	8	1	1	0
b	032	42	7	0	5	5	0.8571428571428571	1	16	15	14	11	13	16	1	1	0
b	033	27	6	0	3	3	0.5833333333333334	1	7	9	13	11	13	9	1	1	0
b	034	37	6	0	6	6	0.7142857142857143	1	10	10	13	11	12	12	1	1	0
b	035	36	7	2	6	4	0.5333333333333333	2	6	5	15	14	14	7	1	1	0
b	036	35	6	0	5	4	0.5333333333333333	1	8	7	17	15	17	10	1	1	2
b	037	33	6	1	5	5	0.5714285714285714	1	6	7	13	10	12	8	1	1	0
b	038	35	7	0	5	6	0.5	1	7	8	14	14	14	5	1	1	0
b	039	28	6	0	5	4	0.5833333333333334	1	6	6	12	9	11	7	1	1	0
b	040	33	5	0	3	4	0.6428571428571429	1	9	8	15	13	16	12	1	1	0
b	041	36	8	0	7	6	0.4375	1	5	5	17	14	14	5	1	1	0
b	042	37	8	0	6	6	0.5333333333333333	1	6	7	16	11	13	6	1	1	0
b	043	44	7	1	6	5	0.875	1	15	15	14	13	16	19	1	1	0
b	044	72	0	0	10	10	0.5882352941176471	0	13	14	22	21	0	6	1	1	0
b	045	30	6	0	6	5	0.46153846153846156	1	4	4	14	9	11	2	1	1	0
b	046	24	6	0	4	4	0.38461538461538464	1	2	3	13	11	14	4	1	1	1
b	047	31	6	0	4	5	0.5384615384615384	1	4	6	13	12	14	4	1	1	0
b	048	50	0	0	8	6	0.4666666666666667	0	4	4	17	11	0	2	1	1	0
b	049	29	4	0	4	4	0.6153846153846154	1	4	5	13	11	15	8	1	1	1
b	050	21	5	0	2	2	0.5	1	5	6	11	10	11	6	1	1	0
b	051	37	7	0	7	6	0.6	2	6	7	15	14	16	8	1	1	0
b	052	30	5	0	3	4	0.5	1	5	7	16	12	16	8	1	1	1
b	053	19	5	0	4	3	0.5555555555555556	1	2	5	8	7	7	3	1	1	0
b	054	37	6	0	6	5	0.7857142857142857	1	10	9	12	12	14	14	1	1	0
b	055	59	0	0	14	5	0.7142857142857143	0	11	12	14	13	2	11	1	1	0
b	056	19	5	0	2	2	0.5	1	4	5	11	8	11	6	1	1	0
b	057	26	4	0	3	4	0.6363636363636364	1	7	7	12	9	12	8	1	1	0
b	058	34	5	0	5	7	0.6153846153846154	1	5	7	13	11	13	6	1	1	0
b	059	30	8	0	2	3	0.6666666666666666	1	9	8	12	11	16	12	1	1	2
b	060	32	5	0	5	6	0.5714285714285714	1	6	5	14	10	15	6	1	1	1
b	061	30	6	0	2	2	0.6666666666666666	1	11	12	14	13	14	12	1	1	0
b	062	29	7	0	4	5	0.46153846153846156	1	6	4	12	11	11	4	1	1	0
b	063	86	0	0	18	12	0.6666666666666666	0	12	14	19	15	4	0	1	2	0
b	064	24	5	0	3	2	0.5	1	5	5	14	11	15	8	1	1	1
b	065	24	6	0	3	3	0.4166666666666667	1	4	4	13	11	13	5	1	1	0
b	066	31	8	0	4	5	0.5333333333333333	1	7	7	15	13	16	8	1	1	0
b	067	29	6	0	3	3	0.4666666666666667	1	3	6	16	14	20	9	1	1	2
b	068	60	0	0	11	11	0.7333333333333333	0	17	17	15	14	15	15	1	2	0
b	069	31	6	1	5	6	0.6153846153846154	1	5	6	11	10	12	6	1	1	0
b	070	35	5	0	5	5	0.4666666666666667	1	6	6	18	16	18	6	1	1	0
b	071	17	4	0	3	4	0.5555555555555556	1	3	3	8	8	10	3	1	1	0
b	072	63	0	0	8	9	0.7857142857142857	0	6	8	13	9	0	0	1	1	0
b	073	33	4	0	7	5	0.8461538461538461	1	7	7	14	12	20	12	1	1	2
b	074	21	7	0	4	3	0.45454545454545453	1	2	5	10	9	9	3	1	1	0
b	075	39	5	0	6	7	0.7857142857142857	1	11	12	14	12	14	13	1	1	0
b	076	29	3	0	5	4	0.8	1	8	9	10	9	10	9	1	1	0
b	077	28	7	0	4	5	0.35714285714285715	1	4	4	15	13	14	3	1	1	0
b	078	39	6	0	8	3	0.47058823529411764	1	7	6	21	18	19	11	1	1	1
b	079	35	5	0	5	5	0.6153846153846154	1	8	7	15	12	15	7	1	1	0
b	080	27	7	0	3	4	0.35714285714285715	1	4	5	15	13	14	4	1	1	0
b	081	25	5	0	4	3	0.5	1	5	5	14	11	14	7	1	1	1
b	082	27	7	0	5	4	0.46153846153846156	1	4	5	13	11	12	5	1	1	0
b	083	38	6	0	6	5	0.5	1	7	8	18	17	18	8	1	1	0
b	084	32	5	1	7	4	0.6923076923076923	1	6	9	13	12	13	11	1	1	0
b	085	25	6	1	4	3	0.75	1	7	7	10	8	13	12	1	1	1
b	086	43	7	1	8	6	0.6875	2	9	10	15	14	16	11	1	1	1
b	087	38	6	0	8	5	0.5714285714285714	1	7	7	15	14	11	7	1	1	0
b	088	33	5	2	6	6	0.8333333333333334	2	8	10	10	9	10	10	1	1	0
b	089	30	6	0	3	3	0.4666666666666667	1	5	6	17	14	18	9	1	1	1
b	090	37	5	0	5	3	0.5625	1	8	8	20	17	23	12	1	1	2
b	091	37	6	0	7	4	0.5	1	6	6	16	13	9	6	1	1	0
b	092	25	7	0	2	2	0.3333333333333333	2	2	2	17	13	21	6	1	1	2
b	093	35	6	0	5	4	0.7692307692307693	1	12	13	13	12	13	14	1	1	0
b	094	44	5	0	9	5	0.9285714285714286	1	15	14	14	14	14	18	1	1	1
b	095	35	6	0	3	3	0.7142857142857143	1	13	13	16	14	17	15	1	1	0
b	096	39	4	0	5	6	0.5714285714285714	1	7	8	15	10	11	7	1	1	0
b	097	21	4	0	5	4	0.4444444444444444	1	2	4	9	7	6	1	1	1	0
b	098	29	5	1	5	5	0.7272727272727273	1	6	7	11	9	10	8	1	1	0
b	099	43	8	0	8	5	0.5882352941176471	1	10	10	17	17	17	11	1	1	1
c	000	24	9	0	4	3	0.6923076923076923	1	8	8	6	6	11	14	1	0	4
c	001	16	8	1	2	2	0.6363636363636364	2	4	5	5	5	11	9	1	0	2
c	002	62	0	0	9	11	0.8461538461538461	0	9	9	6	7	0	0	1	0	0
c	003	32	5	0	4	5	0.9166666666666666	2	15	15	7	5	5	15	1	0	0
c	004	28	2	0	5	6	0.8	0	7	6	6	7	7	6	1	0	0
c	005	16	3	1	2	4	0.8571428571428571	1	7	7	4	4	3	6	1	0	0
c	006	31	3	0	6	7	0.9090909090909091	0	7	8	5	6	8	7	1	0	1
c	007	31	2	0	4	7	0.9090909090909091	0	9	9	4	2	2	9	1	0	0
c	008	32	6	0	5	4	0.9230769230769231	2	12	12	8	6	9	16	1	0	1
c	009	23	3	0	5	6	0.875	0	7	7	5	4	4	6	1	0	0
c	010	17	5	1	2	0	1.0	2	7	7	2	2	9	15	1	0	6
c	011	29	9	1	3	3	0.9230769230769231	2	14	14	6	6	9	19	1	0	3
c	012	23	8	1	3	1	0.9090909090909091	2	12	12	6	6	9	17	1	0	3
c	013	28	6	1	4	5	0.75	2	10	11	8	6	6	10	1	0	0
c	014	21	2	0	2	3	1.1428571428571428	2	11	11	4	2	2	11	1	0	0
c	015	31	8	1	4	2	1.0	2	13	14	6	7	13	21	1	0	3
c	016	30	3	0	5	6	1.0	2	11	12	8	9	10	11	1	0	0
c	017	14	3	1	2	3	0.7142857142857143	1	5	5	5	3	3	5	1	0	0
c	018	30	5	1	5	6	0.9090909090909091	1	10	10	7	5	5	11	1	0	0
c	019	20	7	3	2	2	1.1111111111111112	2	11	12	5	4	7	14	1	0	2
c	020	17	3	0	2	2	0.8571428571428571	2	8	8	5	3	3	8	1	0	0
c	021	37	1	0	5	9	0.9090909090909091	1	11	11	4	4	1	4	1	0	0
c	022	44	6	0	4	6	0.9375	2	20	20	8	6	6	20	1	0	0
c	023	35	6	0	3	6	0.7857142857142857	2	13	13	8	6	6	13	1	0	0
c	024	32	6	0	6	3	1.0	2	15	14	7	6	8	22	1	0	1
c	025	51	0	0	9	10	0.9090909090909091	0	7	7	4	4	0	0	1	0	0
c	026	23	0	1	2	4	1.0	2	9	8	4	3	0	8	1	0	0
c	027	36	5	2	3	5	1.0	1	15	15	7	5	5	17	1	0	0
c	028	23	5	1	3	2	1.1	2	10	11	3	2	7	17	1	0	3
c	029	14	6	0	2	2	0.5555555555555556	2	5	5	5	5	6	7	1	0	1
c	030	19	4	1	3	3	0.7	2	6	7	5	4	4	8	1	0	0
c	031	21	5	0	3	3	0.7777777777777778	1	7	8	7	6	7	7	1	0	0
c	032	32	4	0	4	8	0.9090909090909091	2	11	12	6	5	6	9	1	0	0
c	033	21	3	1	3	4	1.0	2	10	10	5	3	3	10	1	0	0
c	034	23	3	0	4	5	0.6666666666666666	0	5	6	7	7	7	4	1	0	0
c	035	20	3	1	3	4	1.0	2	9	9	4	2	3	9	1	0	0
c	036	36	4	0	4	3	0.8333333333333334	2	15	15	14	14	14	14	1	0	0
c	037	29	8	1	3	3	0.8333333333333334	2	15	15	10	8	8	15	1	0	0
c	038	37	4	0	7	8	0.7692307692307693	1	9	8	9	8	8	8	1	0	0
c	039	26	4	0	3	4	1.1111111111111112	1	13	13	5	3	4	14	1	0	0
c	040	67	0	0	9	12	0.8571428571428571	0	10	12	7	7	0	0	1	0	0
c	041	27	5	0	3	3	0.8181818181818182	1	10	11	7	6	6	10	1	0	0
c	042	30	7	0	2	3	0.9230769230769231	2	16	16	6	6	7	19	1	0	0
c	043	36	5	1	4	6	1.1666666666666667	2	18	16	6	6	8	19	1	0	0
c	044	16	6	2	2	2	0.7	2	5	5	6	6	9	9	1	0	1
c	045	40	12	0	2	1	1.0	2	26	26	14	12	12	26	1	0	0
c	046	40	8	0	3	5	1.0	1	20	19	7	6	8	23	1	0	2
c	047	20	5	1	2	2	1.0	2	10	10	4	4	7	14	1	0	2
c	048	12	1	1	2	2	1.0	2	5	5	3	2	1	5	1	0	0
c	049	34	8	2	6	4	1.0	1	13	14	7	6	10	19	1	0	2
c	050	45	0	0	8	9	0.8181818181818182	0	11	10	6	5	0	0	1	0	0
c	051	24	5	0	4	3	0.7	2	8	9	9	8	9	9	1	0	0
c	052	20	5	2	3	2	0.9	2	8	8	6	6	9	13	1	0	1
c	053	22	8	1	3	2	0.8333333333333334	2	9	9	4	4	9	16	1	0	4
c	054	43	6	0	6	7	0.875	2	12	14	10	10	12	14	1	0	1
c	055	31	7	1	4	3	0.9285714285714286	1	13	12	8	9	15	19	1	0	4
c	056	34	6	0	3	6	0.8666666666666667	2	12	12	9	9	18	18	1	0	3
c	057	54	0	0	7	11	0.9285714285714286	0	14	14	4	8	0	1	1	0	0
c	058	33	8	0	6	3	0.9285714285714286	2	15	15	8	8	12	22	1	0	3
c	059	25	5	2	4	3	1.0	2	10	11	7	6	10	15	1	0	1
c	060	31	4	0	4	7	0.8181818181818182	0	10	10	6	6	4	7	1	0	0
c	061	31	7	1	2	2	1.3636363636363635	2	20	20	3	3	7	26	1	0	4
c	062	20	3	1	2	3	0.7777777777777778	2	7	7	5	3	3	7	1	0	0
c	063	29	5	0	2	4	0.8333333333333334	2	13	12	6	5	5	13	1	0	0
c	064	32	7	1	4	5	0.8571428571428571	2	13	14	6	5	7	15	1	0	1
c	065	32	4	0	4	3	0.9230769230769231	2	12	12	9	9	16	19	1	0	5
c	066	21	4	3	2	1	1.375	2	13	13	3	3	4	17	1	0	2
c	067	35	6	3	3	7	0.8	2	11	11	8	6	6	11	1	0	0
c	068	30	6	0	6	5	0.9166666666666666	1	11	13	7	7	9	16	1	0	1
c	069	27	6	0	3	5	0.75	1	10	10	7	5	6	11	1	0	0
c	070	37	6	0	4	5	0.9285714285714286	0	14	13	6	8	10	16	1	0	2
c	071	23	7	0	2	2	0.6363636363636364	2	10	10	9	7	7	10	1	0	0
c	072	22	8	2	3	2	1.0	2	11	11	4	4	9	17	1	0	3
c	073	48	0	0	8	9	0.9	0	9	9	6	8	2	0	1	0	0
c	074	17	6	4	2	2	0.9	2	6	6	5	5	9	11	1	0	2
c	075	29	8	0	4	3	0.7692307692307693	1	12	14	9	9	10	15	1	0	0
c	076	20	8	0	2	1	0.7	2	11	11	8	8	8	12	1	0	0
c	077	36	4	1	6	7	0.8571428571428571	1	13	12	6	5	4	12	1	0	0
c	078	40	6	0	6	6	0.8571428571428571	0	12	12	9	9	9	11	1	0	0
c	079	27	8	0	4	5	0.8333333333333334	0	10	12	6	6	10	13	1	0	2
c	080	41	6	3	4	9	1.0	1	16	15	7	6	7	15	1	0	0
c	081	23	6	1	3	3	0.8181818181818182	2	9	10	7	6	8	13	1	0	0
c	082	44	6	0	6	5	0.9285714285714286	2	18	18	13	13	13	17	1	0	0
c	083	37	7	3	3	6	0.9333333333333333	2	15	17	7	7	7	16	1	0	0
c	084	43	5	0	6	7	0.875	2	13	15	10	10	10	15	1	0	0
c	085	23	9	0	2	3	0.6923076923076923	2	10	10	6	6	9	13	1	0	1
c	086	52	0	0	8	9	0.8333333333333334	0	10	10	6	6	0	2	1	0	0
c	087	35	5	0	5	5	0.9285714285714286	1	13	12	6	7	12	19	1	0	4
c	088	28	5	1	4	6	0.8333333333333334	0	10	10	6	6	6	10	1	0	0
c	089	38	5	1	6	8	0.7692307692307693	1	11	11	7	5	5	4	1	0	0
c	090	42	7	1	3	5	1.0	2	21	21	9	8	7	21	1	0	0
c	091	22	7	1	2	2	0.8333333333333334	2	10	10	4	4	7	15	1	0	2
c	092	42	5	0	6	7	1.0	1	15	16	9	8	8	15	1	0	0
c	093	66	0	0	12	11	0.8571428571428571	0	13	13	7	5	0	0	1	0	0
c	094	29	2	0	6	6	0.8	0	5	5	6	6	7	4	1	0	0
c	095	23	6	0	2	2	0.8888888888888888	2	13	13	8	6	6	13	1	0	0
c	096	35	4	1	4	5	0.9166666666666666	2	14	13	13	12	13	13	1	0	0
c	097	18	3	3	1	1	1.25	2	10	10	2	2	3	15	1	0	1
c	098	23	6	0	2	2	0.75	2	8	8	6	6	11	14	1	0	2
c	099	31	7	1	3	2	1.0833333333333333	1	17	18	7	6	7	22	1	0	1
d	000	48	7	1	8	6	0.6875	1	7	9	15	16	13	8	1	1	0
d	001	41	1	0	6	6	0.6666666666666666	1	7	8	14	16	16	12	1	1	1
d	002	52	0	0	9	8	0.75	0	12	12	20	20	20	12	1	1	0
d	003	35	8	0	4	5	0.6	1	8	6	12	14	15	8	1	1	0
d	004	33	5	0	7	6	0.6153846153846154	1	6	7	11	13	12	7	1	1	0
d	005	42	5	2	6	6	0.7333333333333333	1	7	9	12	14	11	9	1	1	0
d	006	28	7	0	5	5	0.5833333333333334	1	4	4	10	11	10	3	1	1	0
d	007	29	5	0	3	3	0.6153846153846154	1	7	8	11	14	16	11	1	1	2
d	008	33	6	1	5	5	0.6923076923076923	1	5	9	11	12	12	8	1	1	0
d	009	34	9	0	6	5	0.5333333333333333	1	6	6	12	13	12	7	1	1	0
d	010	27	6	0	5	2	0.5833333333333334	1	6	6	9	14	12	8	1	1	0
d	011	36	2	0	5	4	0.8333333333333334	0	10	10	9	12	9	10	1	1	0
d	012	33	8	0	5	4	0.6	1	8	9	11	15	15	11	1	1	1
d	013	20	4	0	3	2	0.5	1	1	3	9	10	11	2	1	1	0
d	014	31	4	1	6	7	0.9	1	6	9	7	8	7	8	1	1	0
d	015	44	7	0	7	7	0.6470588235294118	1	10	10	17	17	19	9	1	0	0
d	016	37	7	0	5	4	0.6	1	11	11	15	16	16	11	1	1	0
d	017	34	3	2	7	7	0.9090909090909091	2	5	7	9	10	11	6	1	1	0
d	018	21	3	0	4	2	0.6666666666666666	1	3	5	6	8	8	6	1	1	1
d	019	38	4	0	5	4	0.6923076923076923	2	8	9	11	13	11	8	1	1	0
d	020	18	4	1	0	1	0.45454545454545453	1	1	1	6	11	14	7	1	1	4
d	021	25	7	0	4	5	0.5384615384615384	1	4	5	10	10	13	7	1	1	1
d	022	60	2	0	11	10	0.75	2	9	9	17	19	12	8	1	1	0
d	023	33	3	0	7	5	0.6666666666666666	1	4	6	9	12	11	9	1	1	1
d	024	26	6	0	4	3	0.5	1	5	6	11	12	12	6	1	1	0
d	025	54	0	0	9	8	0.5714285714285714	0	5	7	12	14	0	1	1	1	0
d	026	31	7	1	4	4	0.5714285714285714	1	7	8	12	13	13	9	1	1	0
d	027	22	3	1	4	3	0.6	1	2	4	9	9	11	5	1	1	0
d	028	28	5	0	6	4	0.5454545454545454	1	4	4	10	11	8	4	1	1	0
d	029	20	3	0	3	3	0.6666666666666666	2	2	5	8	10	13	5	1	1	1
d	030	22	4	0	5	4	0.5555555555555556	1	3	3	8	7	6	3	1	1	0
d	031	38	7	0	5	7	0.5333333333333333	1	8	9	15	16	16	6	1	1	0
d	032	35	7	0	4	3	0.6428571428571429	1	11	12	14	15	15	12	1	1	0
d	033	31	6	1	2	2	0.6153846153846154	1	9	11	15	15	16	11	1	1	0
d	034	38	5	0	8	6	0.6153846153846154	1	8	6	13	14	10	7	1	1	0
d	035	32	6	0	4	4	0.5714285714285714	1	8	7	12	15	15	9	1	1	0
d	036	34	5	0	6	6	0.8181818181818182	1	6	7	8	10	8	6	1	1	0
d	037	31	6	0	4	5	0.6153846153846154	1	4	6	9	12	12	7	1	1	1
d	038	16	6	0	2	1	0.4	1	2	3	7	10	10	4	1	1	0
d	039	52	1	0	10	8	0.8125	0	12	12	19	18	19	12	1	1	0
d	040	32	7	0	4	4	0.5	1	5	6	11	12	11	6	1	1	0
d	041	61	0	0	8	9	0.6428571428571429	0	7	7	9	13	0	0	1	1	0
d	042	49	5	2	6	6	0.6470588235294118	2	8	11	14	14	10	10	1	1	0
d	043	49	2	0	7	9	0.7333333333333333	0	5	8	10	10	8	6	1	1	0
d	044	45	5	1	6	7	0.625	1	5	8	15	12	9	7	1	1	0
d	045	37	5	0	6	8	0.8333333333333334	2	8	8	9	11	9	7	1	1	0
d	046	28	10	1	2	3	0.47058823529411764	4	6	6	18	18	22	8	2	0	1
d	047	34	1	0	5	6	0.9	0	6	8	5	10	5	8	1	1	0
d	048	30	6	0	3	3	0.5384615384615384	1	8	9	14	15	15	9	1	1	0
d	049	39	6	3	7	4	0.7692307692307693	2	9	12	15	14	10	10	1	1	0
d	050	31	4	1	6	6	0.5833333333333334	1	3	4	9	12	10	3	1	1	0
d	051	32	5	0	4	2	0.7692307692307693	1	11	12	11	14	15	16	1	1	1
d	052	36	1	0	6	4	0.4	0	2	5	12	15	7	5	1	1	0
d	053	36	8	0	6	5	0.5714285714285714	1	9	8	13	15	12	8	1	1	0
d	054	33	5	1	6	5	0.6666666666666666	1	5	7	10	13	11	5	1	1	0
d	055	30	3	0	5	6	0.8888888888888888	2	6	8	6	8	6	7	1	1	0
d	056	67	0	0	8	10	0.6666666666666666	0	8	8	9	15	0	0	1	1	0
d	057	27	7	0	4	4	0.46153846153846156	1	5	5	12	12	13	5	1	1	0
d	058	27	4	2	5	4	0.6363636363636364	2	4	5	10	10	10	5	1	1	0
d	059	22	7	0	2	2	0.4166666666666667	1	4	6	11	13	13	6	1	1	0
d	060	24	7	0	3	3	0.46153846153846156	1	5	4	11	12	14	7	1	1	1
d	061	46	6	0	9	6	0.6666666666666666	1	8	9	15	17	12	8	1	1	0
d	062	29	8	0	3	3	0.5714285714285714	1	9	8	12	14	16	11	1	1	1
d	063	36	6	0	7	5	0.6	1	7	8	15	17	19	10	1	1	1
d	064	29	8	0	3	3	0.5333333333333333	1	7	7	13	14	17	11	1	1	2
d	065	53	0	0	12	7	0.4375	0	3	3	15	19	2	1	1	1	0
d	066	30	7	0	4	4	0.5	1	6	8	13	15	15	8	1	1	0
d	067	68	0	0	10	10	0.7142857142857143	0	9	9	12	16	0	0	1	1	0
d	068	35	5	1	6	6	0.75	1	6	9	12	12	11	8	1	1	0
d	069	31	7	2	5	4	0.6428571428571429	2	6	6	11	14	15	10	1	1	1
d	070	30	6	0	6	4	0.5384615384615384	1	5	5	10	13	11	6	1	1	0
d	071	36	8	0	2	2	0.7142857142857143	1	15	16	15	16	16	16	1	1	0
d	072	50	0	0	11	8	0.6875	0	8	9	20	18	18	8	1	1	0
d	073	37	6	0	7	4	0.5714285714285714	1	6	7	11	16	11	6	1	1	0
d	074	23	7	0	4	3	0.4166666666666667	1	3	4	10	12	11	4	1	1	0
d	075	20	8	0	2	2	0.3333333333333333	1	3	4	11	12	12	4	1	1	0
d	076	33	5	1	5	7	0.6923076923076923	1	4	8	11	12	13	7	1	1	0
d	077	37	7	0	6	6	0.6	1	8	9	14	14	14	9	1	1	0
d	078	29	4	3	4	3	0.6428571428571429	2	2	3	11	11	17	10	1	1	5
d	079	27	6	0	5	5	0.46153846153846156	1	4	3	10	12	12	4	1	1	0
d	080	41	5	2	7	5	0.8571428571428571	2	11	12	15	16	17	13	1	1	0
d	081	33	5	0	6	5	0.6153846153846154	1	6	9	12	13	13	8	1	1	0
d	082	21	3	2	5	4	0.7777777777777778	2	3	4	6	8	7	6	1	1	0
d	083	57	0	1	9	9	0.8571428571428571	0	10	12	13	13	3	6	1	1	0
d	084	78	0	0	13	10	0.6111111111111112	0	5	7	11	13	0	0	1	3	0
d	085	48	1	0	9	6	0.6470588235294118	1	4	5	17	17	16	10	1	2	3
d	086	35	6	0	4	4	0.5714285714285714	1	8	10	14	16	15	9	1	1	0
d	087	42	6	0	8	7	0.5	1	6	4	14	16	13	4	1	1	0
d	088	46	5	3	5	5	0.875	2	10	11	14	16	21	18	1	2	4
d	089	35	7	0	6	6	0.4666666666666667	1	7	4	14	15	12	5	1	1	0
d	090	23	6	1	4	3	0.5454545454545454	1	4	4	7	11	10	6	1	1	0
d	091	41	6	0	5	5	0.625	1	10	11	17	18	19	12	1	1	0
d	092	29	7	0	3	4	0.5333333333333333	1	5	5	12	13	17	8	1	1	1
d	093	29	6	0	3	3	0.42857142857142855	1	6	5	14	17	17	7	1	1	0
d	094	41	7	0	8	5	0.5625	1	7	8	17	18	17	8	1	1	0
d	095	37	6	0	6	5	0.7142857142857143	1	10	12	13	16	15	13	1	1	0
d	096	22	6	0	4	3	0.3333333333333333	1	2	3	11	12	12	2	1	1	0
d	097	22	6	0	3	3	0.3333333333333333	1	2	4	12	13	13	3	1	1	0
d	098	34	8	0	5	6	0.5333333333333333	1	8	8	13	14	14	8	1	1	0
d	099	27	7	0	3	3	0.5384615384615384	1	7	8	10	13	14	9	1	1	0
e	000	28	2	1	5	7	0.7272727272727273	2	9	10	8	8	9	12	1	0	0
e	001	40	1	0	7	10	1.1111111111111112	0	16	17	6	5	4	17	1	1	0
e	002	27	2	0	5	6	0.875	1	10	11	6	4	4	11	1	1	0
e	003	64	0	0	8	9	0.8181818181818182	0	16	16	9	7	0	0	1	1	0
e	004	35	1	1	6	9	1.25	1	16	17	4	4	2	17	1	1	0
e	005	45	4	0	7	11	0.9230769230769231	1	20	21	9	6	9	22	1	1	0
e	006	32	3	0	5	8	0.6666666666666666	0	11	11	8	7	11	15	1	1	1
e	007	24	2	0	3	7	0.7777777777777778	1	11	9	6	4	8	13	1	1	0
e	008	47	3	0	6	12	0.9230769230769231	1	21	20	7	7	8	24	1	1	1
e	009	34	3	0	5	9	1.0	0	16	16	4	5	10	23	1	1	2
e	010	50	4	0	6	15	1.0666666666666667	2	26	26	7	7	17	38	1	0	7
e	011	55	3	2	8	12	1.0	1	23	23	9	7	8	24	1	1	0
e	012	32	1	0	8	7	0.7777777777777778	0	9	10	7	7	6	10	1	1	0
e	013	32	2	1	6	9	1.1111111111111112	1	14	15	4	4	7	20	1	1	2
e	014	33	1	0	6	8	0.8888888888888888	0	11	13	6	5	7	14	1	1	1
e	015	33	3	1	5	8	0.8181818181818182	1	12	13	6	7	8	16	1	1	1
e	016	37	3	1	4	10	0.9166666666666666	1	17	19	7	5	11	24	1	1	3
e	017	23	1	0	6	6	0.6666666666666666	1	7	6	7	5	8	12	1	1	0
e	018	31	1	1	6	8	1.2857142857142858	1	14	15	4	4	2	15	1	1	0
e	019	31	2	1	6	9	1.2222222222222223	1	17	16	3	3	6	24	1	1	2
e	020	34	1	1	6	9	1.25	1	17	18	4	5	4	18	1	1	0
e	021	30	2	0	6	8	0.8	1	12	13	8	5	7	17	1	1	0
e	022	27	3	2	5	6	0.7272727272727273	1	7	8	7	5	9	11	1	1	1
e	023	33	1	0	7	8	0.8888888888888888	1	10	11	6	5	6	13	1	1	0
e	024	25	1	0	6	7	0.875	1	8	8	5	4	3	11	1	1	0
e	025	32	1	1	5	8	0.9	1	11	11	5	7	9	15	1	1	1
e	026	32	4	0	6	8	0.7272727272727273	1	10	10	7	5	7	13	1	1	0
e	027	38	2	0	7	10	0.8461538461538461	2	12	13	10	8	15	18	1	0	1
e	028	39	3	0	6	8	0.75	0	13	14	9	8	9	14	1	1	0
e	029	27	2	1	3	6	0.7272727272727273	0	7	8	6	8	10	10	1	1	1
e	030	24	2	0	4	6	0.6666666666666666	0	6	8	5	7	7	8	1	1	0
e	031	36	4	0	6	10	0.7142857142857143	1	14	13	8	8	14	23	1	1	2
e	032	37	3	0	6	11	1.0	1	17	18	5	4	10	25	1	1	3
e	033	31	2	0	6	8	0.8888888888888888	1	11	11	6	4	4	12	1	1	0
e	034	41	3	1	8	10	1.0833333333333333	0	15	16	7	8	13	22	1	1	1
e	035	35	1	1	6	9	0.8333333333333334	1	13	12	8	8	14	21	1	1	4
e	036	40	2	0	6	10	0.9090909090909091	1	15	16	6	5	6	18	1	1	0
e	037	33	5	0	3	10	1.0	1	19	20	6	8	10	22	1	1	1
e	038	31	1	2	5	7	1.0	1	12	14	5	5	5	14	1	1	0
e	039	46	3	0	7	11	0.9166666666666666	0	19	19	9	8	9	20	1	1	0
e	040	37	4	0	4	11	0.9166666666666666	1	19	20	7	5	11	26	1	1	2
e	041	26	1	0	5	7	1.0	1	9	9	4	4	2	10	1	1	0
e	042	37	3	0	6	9	0.6923076923076923	0	13	12	9	8	11	17	1	1	1
e	043	29	3	2	5	6	0.8	1	11	8	8	5	8	12	1	1	0
e	044	31	2	0	4	9	0.8181818181818182	2	12	13	8	7	14	18	1	0	3
e	045	81	0	0	13	10	0.7692307692307693	0	10	11	8	7	0	0	1	1	0
e	046	59	2	0	9	14	1.0	1	25	26	9	8	9	26	1	1	0
e	047	27	3	0	5	8	0.8	1	10	9	6	7	9	14	1	1	0
e	048	34	3	1	4	9	1.0	1	18	19	7	5	8	23	1	1	0
e	049	36	3	0	6	8	0.9	0	15	16	8	8	8	16	1	1	0
e	050	26	0	0	5	7	1.3333333333333333	1	12	10	3	3	1	12	1	1	0
e	051	32	2	2	6	8	1.1111111111111112	1	16	14	5	4	5	18	1	1	0
e	052	38	0	0	7	9	1.0	0	14	13	6	5	4	14	1	1	0
e	053	50	1	0	9	12	1.0833333333333333	1	19	19	6	6	5	20	1	1	0
e	054	44	4	0	6	9	0.625	0	11	14	14	14	18	18	1	1	2
e	055	81	0	0	11	13	1.0833333333333333	0	18	19	5	5	0	0	1	1	0
e	056	34	1	0	6	8	1.125	0	12	14	5	4	3	13	1	1	0
e	057	37	3	0	6	8	0.6666666666666666	0	12	11	8	7	8	13	1	1	0
e	058	31	2	0	4	8	0.8	2	14	13	9	10	9	15	1	0	0
e	059	24	3	0	3	7	0.8888888888888888	1	10	11	4	3	7	16	1	1	2
e	060	30	2	0	5	8	0.8	1	11	11	6	5	7	15	1	1	1
e	061	33	0	1	6	9	1.0	1	13	13	7	5	13	23	1	1	3
e	062	50	2	1	8	11	0.9230769230769231	0	18	18	7	6	6	19	1	1	0
e	063	36	0	0	5	10	1.1111111111111112	1	18	17	5	6	6	21	1	1	1
e	064	35	2	0	7	9	0.8181818181818182	1	12	13	8	7	10	16	1	1	1
e	065	33	2	0	7	9	0.9090909090909091	1	13	14	7	6	10	21	1	1	2
e	066	63	1	1	11	15	1.1333333333333333	0	23	26	6	7	8	28	1	1	1
e	067	32	3	0	6	7	0.6363636363636364	1	7	9	7	5	7	8	1	1	0
e	068	56	0	1	11	12	1.0769230769230769	0	19	19	6	7	6	19	1	1	0
e	069	40	1	1	7	10	1.0	1	16	16	5	7	10	24	1	1	2
e	070	33	1	0	4	9	1.2222222222222223	1	16	18	4	3	8	25	1	1	4
e	071	43	1	0	6	11	1.1	1	19	19	6	4	4	20	1	1	0
e	072	25	4	0	4	6	0.7272727272727273	2	9	9	8	8	14	16	1	0	4
e	073	29	1	0	5	7	0.875	1	10	11	5	4	3	11	1	1	0
e	074	39	2	0	7	9	0.8333333333333334	0	13	15	8	8	8	17	1	1	1
e	075	59	1	1	11	12	1.0714285714285714	0	18	19	7	8	8	18	1	1	0
e	076	39	2	0	7	10	1.0	0	12	13	5	6	7	13	1	1	0
e	077	45	1	0	7	11	1.0	1	16	16	6	6	5	17	1	1	0
e	078	26	4	1	4	6	0.7777777777777778	1	11	11	8	6	8	12	1	1	0
e	079	25	2	1	6	7	1.125	2	14	14	6	3	5	19	1	0	0
e	080	34	0	0	6	8	0.8888888888888888	1	11	11	6	6	6	11	1	1	0
e	081	36	1	0	7	8	0.8	0	11	11	7	6	6	11	1	1	0
e	082	44	1	0	7	11	1.1666666666666667	2	19	20	8	10	12	28	1	0	2
e	083	55	6	0	3	13	0.9285714285714286	1	33	33	17	15	16	34	1	1	0
e	084	29	5	0	3	6	0.8	2	16	15	8	5	5	16	1	0	0
e	085	25	2	1	6	6	0.7777777777777778	0	8	7	7	3	7	11	1	1	1
e	086	22	3	0	4	7	0.875	1	8	10	3	3	6	13	1	1	2
e	087	37	1	0	6	9	1.0	1	15	15	5	5	4	16	1	1	0
e	088	30	2	0	5	8	0.8888888888888888	0	12	14	6	7	8	15	1	1	0
e	089	24	1	0	4	6	0.8571428571428571	1	10	10	5	5	4	11	1	1	0
e	090	41	3	0	7	10	0.9166666666666666	0	16	16	7	6	9	20	1	1	1
e	091	40	3	0	6	9	0.8333333333333334	0	12	12	8	7	8	11	1	1	0
e	092	46	2	0	10	12	1.0	0	14	15	7	8	10	22	1	1	2
e	093	27	1	2	3	6	1.1428571428571428	1	14	14	8	7	7	15	1	1	0
e	094	36	1	0	5	10	0.8333333333333334	1	15	15	9	8	13	21	1	1	1
e	095	22	1	2	4	5	1.1666666666666667	1	10	10	6	4	4	11	1	1	0
e	096	37	1	1	5	9	1.1111111111111112	0	17	17	6	5	5	19	1	1	0
e	097	42	4	0	7	10	1.0	1	18	18	7	6	7	20	1	1	0
e	098	33	1	0	6	9	1.1111111111111112	1	15	15	3	4	3	20	1	2	0
e	099	28	2	1	6	6	0.8888888888888888	0	7	9	5	4	3	9	1	1	0
f	000	29	7	2	3	4	0.75	2	11	9	8	8	9	11	1	0	0
f	001	33	12	3	2	4	0.5555555555555556	4	10	11	13	12	15	13	2	1	1
f	002	22	8	0	2	2	0.5	2	8	8	9	7	8	9	1	0	0
f	003	19	11	2	2	1	0.46153846153846156	3	6	6	11	9	11	8	1	0	1
f	004	16	9	1	2	1	0.45454545454545453	3	5	5	9	7	9	7	1	0	1
f	005	31	10	3	4	2	0.8	3	12	12	10	9	14	18	1	0	2
f	006	24	10	2	3	4	0.4666666666666667	3	5	4	13	12	13	5	1	0	0
f	007	22	10	0	2	2	0.35714285714285715	3	7	6	12	10	10	8	1	0	0
f	008	24	9	2	4	2	0.6923076923076923	2	8	8	10	8	11	11	1	0	1
f	009	27	10	1	2	3	0.5333333333333333	3	8	8	8	8	12	13	1	0	0
f	010	18	7	3	2	2	0.7	3	6	5	7	6	9	8	1	0	0
f	011	25	9	5	3	2	0.8333333333333334	4	10	9	9	8	9	12	1	0	0
f	012	16	6	3	2	2	0.6666666666666666	4	5	4	6	6	6	6	1	0	0
f	013	14	3	0	2	2	0.8333333333333334	3	7	6	5	3	3	7	1	0	0
f	014	60	0	0	16	6	0.5	1	5	6	13	14	2	0	1	0	0
f	015	19	10	0	2	2	0.3076923076923077	3	5	4	11	8	10	5	1	0	0
f	016	25	3	2	4	4	0.9	4	9	8	5	4	3	10	1	0	0
f	017	26	7	3	2	5	0.75	3	7	9	7	7	7	8	1	0	0
f	018	20	10	5	2	2	0.6153846153846154	4	5	6	9	9	12	8	1	0	0
f	019	24	6	0	3	5	0.6363636363636364	2	8	7	8	7	7	7	1	0	0
f	020	24	7	1	4	4	0.5833333333333334	2	7	6	11	8	9	7	1	0	0
f	021	24	9	5	2	2	0.6428571428571429	4	6	6	12	12	15	9	1	0	1
f	022	24	9	4	1	2	0.6923076923076923	4	9	8	9	8	9	11	1	0	0
f	023	26	8	1	3	2	0.5714285714285714	3	8	6	14	12	15	8	1	0	0
f	024	27	10	1	4	3	0.5714285714285714	2	8	6	12	10	11	7	1	0	0
f	025	55	0	0	4	8	0.6	0	13	13	14	12	0	0	1	0	0
f	026	25	7	3	2	2	0.6153846153846154	4	7	5	13	13	15	7	1	0	0
f	027	27	7	4	2	4	0.8333333333333334	4	9	10	9	10	11	10	1	0	0
f	028	22	8	3	3	2	0.7272727272727273	4	9	8	8	7	8	10	1	0	0
f	029	34	8	3	3	4	0.8571428571428571	2	14	12	10	11	11	14	1	0	0
f	030	23	12	2	2	2	0.4666666666666667	3	7	6	11	10	12	9	1	0	0
f	031	33	8	3	3	5	0.7333333333333333	4	11	9	14	14	17	11	1	0	0
f	032	28	8	4	3	2	0.7692307692307693	3	10	8	12	12	13	10	1	0	0
f	033	32	7	0	5	4	0.6	1	8	7	12	11	13	9	1	0	0
f	034	34	4	1	5	5	0.7142857142857143	4	9	9	13	15	16	11	1	0	0
f	035	24	8	3	2	2	0.6153846153846154	4	7	7	12	12	14	9	1	0	0
f	036	27	7	2	3	4	0.6923076923076923	4	8	8	9	10	12	9	1	0	0
f	037	35	6	1	4	4	0.6428571428571429	1	8	6	11	8	6	6	1	0	0
f	038	19	8	4	2	2	0.6363636363636364	4	6	5	8	7	8	7	1	0	0
f	039	32	10	6	4	3	0.9285714285714286	3	12	10	10	10	11	12	1	0	0
f	040	20	6	4	2	2	0.7272727272727273	4	5	4	8	9	12	8	1	0	2
f	041	55	0	0	15	5	0.5333333333333333	0	5	6	11	12	1	0	1	0	0
f	042	35	5	5	3	6	0.7857142857142857	3	14	13	7	5	5	14	1	0	0
f	043	26	8	3	3	3	0.75	3	9	7	9	9	10	9	1	0	0
f	044	30	9	3	5	4	0.6666666666666666	4	6	6	11	12	13	7	1	0	0
f	045	24	10	3	2	2	0.6923076923076923	4	9	9	8	9	10	12	1	0	1
f	046	25	9	2	3	3	0.6153846153846154	3	9	8	12	9	12	10	1	0	0
f	047	31	8	5	2	4	0.8571428571428571	3	12	10	9	10	10	12	1	0	0
f	048	29	10	4	3	3	0.5625	4	8	7	15	14	17	10	1	0	0
f	049	31	10	5	3	4	0.7333333333333333	3	8	10	12	10	12	10	1	0	0
f	050	25	10	3	2	2	0.5714285714285714	2	8	6	11	11	12	8	1	0	0
f	051	29	7	2	4	4	0.9230769230769231	4	12	11	6	6	9	16	1	0	0
f	052	73	0	1	12	10	0.8666666666666667	0	15	16	11	8	0	1	1	0	0
f	053	26	10	4	4	3	0.5714285714285714	3	7	7	12	11	12	8	1	0	0
f	054	24	6	5	3	4	1.0	3	9	9	6	5	6	10	1	0	0
f	055	16	6	1	0	3	0.36363636363636365	2	2	2	12	9	12	2	1	0	0
f	056	55	0	0	4	8	0.6	0	13	13	14	12	0	0	1	0	0
f	057	21	7	4	2	2	0.6666666666666666	3	5	4	9	8	13	9	1	0	1
f	058	32	8	3	4	3	0.7857142857142857	3	11	9	10	10	12	11	1	0	0
f	059	24	11	1	3	2	0.4666666666666667	2	6	6	12	10	12	8	1	0	1
f	060	15	7	2	1	1	0.6666666666666666	3	4	5	5	5	9	8	1	0	1
f	061	30	9	6	4	5	0.9285714285714286	4	11	11	7	7	10	14	1	0	0
f	062	21	7	4	2	3	0.7272727272727273	4	7	6	7	7	7	8	1	0	0
f	063	17	7	3	2	1	0.7777777777777778	4	7	7	6	6	7	9	1	0	0
f	064	28	4	1	5	3	0.9090909090909091	3	9	11	5	6	5	12	1	0	0
f	065	29	10	4	3	3	0.7692307692307693	4	13	11	11	9	10	12	1	0	0
f	066	28	8	5	3	3	0.7692307692307693	4	10	9	11	12	13	11	1	0	0
f	067	30	7	4	3	2	0.9285714285714286	4	12	12	8	7	13	19	1	0	2
f	068	26	5	1	5	4	0.6363636363636364	4	7	6	8	10	10	8	1	0	0
f	069	39	5	2	6	7	0.9285714285714286	1	12	11	7	6	6	13	1	0	0
f	070	25	7	3	3	3	0.75	3	7	6	8	8	9	7	1	0	0
f	071	23	8	0	3	3	0.46153846153846156	2	3	3	11	9	10	2	1	0	0
f	072	32	7	2	3	4	0.6428571428571429	3	11	10	12	9	7	10	1	0	0
f	073	39	0	0	4	4	0.6153846153846154	0	6	7	9	10	0	0	1	0	0
f	074	20	9	0	3	2	0.3076923076923077	2	4	3	13	11	12	3	1	0	0
f	075	17	6	1	2	2	0.5	1	5	2	9	6	8	4	1	0	0
f	076	22	10	5	2	1	0.6923076923076923	3	7	6	9	10	12	9	1	0	1
f	077	26	9	2	2	3	0.4666666666666667	4	5	5	13	14	16	7	1	0	1
f	078	17	10	1	1	1	0.3076923076923077	3	3	3	12	10	12	5	1	0	0
f	079	29	9	3	4	2	0.7142857142857143	3	9	8	9	12	11	10	1	0	0
f	080	22	9	0	3	3	0.38461538461538464	2	5	4	12	10	11	4	1	0	0
f	081	24	8	0	3	3	0.46153846153846156	3	6	4	13	11	12	5	1	0	0
f	082	27	6	2	2	3	0.5333333333333333	3	5	5	17	15	20	7	1	0	1
f	083	31	6	3	3	4	0.8461538461538461	3	10	8	11	11	12	9	1	0	0
f	084	28	10	4	2	1	0.6875	3	9	8	13	11	17	14	1	0	4
f	085	20	11	1	2	1	0.38461538461538464	3	7	6	13	10	11	7	1	0	0
f	086	21	10	3	1	1	0.5384615384615384	4	6	6	10	10	12	9	1	0	0
f	087	31	8	3	4	4	0.6	3	7	6	14	14	15	7	1	0	0
f	088	32	4	3	3	2	1.0909090909090908	3	14	15	6	7	6	16	1	0	0
f	089	27	8	4	3	4	0.6923076923076923	4	8	7	11	11	12	8	1	0	0
f	090	24	10	0	2	1	0.5833333333333334	3	12	11	12	9	10	12	1	0	0
f	091	18	10	1	2	1	0.4166666666666667	3	6	6	11	9	10	7	1	0	0
f	092	29	6	4	3	2	1.0909090909090908	3	14	14	7	7	8	15	1	0	0
f	093	24	10	3	2	2	0.6153846153846154	3	9	8	10	11	12	10	1	0	0
f	094	22	9	4	2	2	0.6666666666666666	4	8	7	9	8	9	9	1	0	0
f	095	22	10	2	2	3	0.46153846153846156	3	6	6	9	10	10	7	1	0	0
f	096	26	11	4	2	2	0.6428571428571429	3	11	10	13	10	11	11	1	0	0
f	097	30	14	0	4	3	0.3888888888888889	3	9	8	14	14	15	10	1	1	0
f	098	19	7	3	2	2	0.7	4	7	6	7	6	7	8	1	0	0
f	099	23	9	4	3	2	0.6923076923076923	3	9	8	11	8	10	11	1	0	0
g	000	21	6	1	4	4	0.5454545454545454	1	5	6	7	9	9	8	1	1	0
g	001	36	5	1	5	9	0.7142857142857143	1	13	14	11	11	16	21	1	1	2
g	002	38	1	1	7	7	0.8181818181818182	0	12	12	8	9	10	15	1	2	0
g	003	22	6	0	5	5	0.45454545454545453	1	5	5	8	9	9	7	1	1	0
g	004	41	2	0	9	8	0.6153846153846154	0	6	10	9	9	8	8	1	1	0
g	005	24	2	0	4	5	0.5	1	5	5	7	8	10	7	1	1	0
g	006	44	4	2	8	10	1.0	3	20	22	6	10	9	25	1	0	1
g	007	28	3	0	6	5	0.45454545454545453	0	5	6	9	11	10	6	1	1	0
g	008	47	3	1	9	10	0.7857142857142857	0	14	14	9	11	13	17	1	1	1
g	009	29	2	0	7	5	0.6	0	5	7	7	9	8	6	1	1	0
g	010	40	2	0	7	10	0.7692307692307693	0	14	16	9	12	14	21	1	1	1
g	011	36	2	0	7	7	0.5833333333333334	0	8	10	9	13	12	11	1	1	0
g	012	28	5	0	5	5	0.4166666666666667	1	6	7	7	11	9	6	1	1	0
g	013	33	4	0	6	7	0.5833333333333334	1	10	12	10	13	12	12	1	1	0
g	014	30	6	1	3	5	0.4	1	6	7	13	16	18	10	1	1	1
g	015	59	3	0	10	12	0.8125	0	18	20	13	12	11	19	1	1	0
g	016	30	6	0	5	5	0.6153846153846154	1	10	11	8	11	11	14	1	0	2
g	017	39	2	0	8	7	0.5833333333333334	1	8	11	10	12	11	9	1	1	0
g	018	30	2	0	7	6	0.5454545454545454	1	5	6	7	9	7	7	1	1	0
g	019	31	4	0	6	7	0.6363636363636364	1	9	9	7	8	5	11	1	1	0
g	020	39	3	0	9	7	0.5	1	8	6	16	15	17	7	1	1	0
g	021	42	2	0	6	10	0.7142857142857143	1	14	13	9	13	15	20	1	1	1
g	022	41	3	0	8	8	0.5333333333333333	1	8	8	14	17	21	14	1	1	3
g	023	42	2	0	8	9	0.6428571428571429	1	10	12	13	14	17	13	1	1	1
g	024	45	0	0	8	8	0.75	0	11	11	8	9	4	10	1	1	0
g	025	35	8	0	6	8	0.5625	1	9	10	11	13	17	15	1	1	2
g	026	42	2	0	6	10	0.7142857142857143	0	14	16	12	13	15	21	1	1	0
g	027	35	1	0	6	8	0.8	0	13	12	8	7	9	14	1	1	1
g	028	26	2	0	3	6	0.6	1	10	9	9	12	12	12	1	1	0
g	029	36	3	0	6	7	0.5	1	6	9	13	15	18	10	1	1	1
g	030	24	2	2	3	6	0.8	1	7	8	5	7	12	15	1	1	3
g	031	27	1	0	3	6	0.6	1	10	9	9	12	13	13	1	1	0
g	032	30	3	0	5	6	0.5454545454545454	0	6	9	7	10	9	9	1	1	0
g	033	35	3	0	7	7	0.6153846153846154	0	7	9	9	11	13	12	1	1	1
g	034	33	3	0	4	7	0.5714285714285714	1	7	8	10	14	16	13	1	1	1
g	035	33	4	0	4	6	0.4	1	8	7	15	17	20	10	1	1	0
g	036	25	4	0	4	5	0.45454545454545453	0	6	5	6	9	9	7	1	1	1
g	037	57	6	0	3	14	1.0	0	34	35	15	16	16	35	1	1	0
g	038	43	2	1	9	8	0.6	1	10	11	16	16	17	13	1	1	0
g	039	35	5	1	4	9	0.625	1	9	10	9	11	20	19	1	1	4
g	040	46	0	0	9	8	0.5714285714285714	1	8	9	12	15	14	10	1	1	0
g	041	33	3	0	6	7	0.5833333333333334	1	9	10	11	14	15	13	1	1	1
g	042	63	1	0	12	12	0.7058823529411765	0	10	15	11	16	14	15	1	2	2
g	043	34	2	1	6	7	0.6666666666666666	1	8	8	6	10	13	11	1	1	2
g	044	39	4	0	9	8	0.5714285714285714	1	9	7	10	11	11	14	1	1	3
g	045	45	2	0	7	10	0.7692307692307693	0	16	18	12	11	12	18	1	1	0
g	046	29	5	0	4	6	0.6666666666666666	1	11	12	8	10	13	17	1	1	1
g	047	46	2	0	8	10	0.7142857142857143	0	12	14	10	11	12	15	1	2	1
g	048	60	0	0	16	6	0.5	1	5	6	13	14	2	0	1	0	0
g	049	22	5	1	3	3	0.6363636363636364	1	5	7	7	8	11	11	1	1	1
g	050	35	4	1	7	7	0.6428571428571429	1	9	9	12	13	15	13	1	1	1
g	051	27	6	0	6	6	0.46153846153846156	1	6	6	10	11	14	11	1	1	3
g	052	24	2	0	6	5	0.75	0	5	7	4	5	4	6	1	1	0
g	053	44	2	0	9	8	0.6923076923076923	0	10	12	10	11	11	11	1	1	0
g	054	24	4	3	4	4	0.6363636363636364	1	6	5	8	9	11	8	1	1	1
g	055	38	4	0	8	8	0.6153846153846154	1	12	12	11	12	11	16	1	1	2
g	056	19	1	1	3	4	0.7142857142857143	1	6	6	5	6	5	7	1	1	0
g	057	86	0	0	12	11	0.7333333333333333	0	16	16	9	13	0	0	1	1	0
g	058	32	1	0	6	6	0.5454545454545454	1	4	7	10	9	7	6	1	1	0
g	059	37	2	0	8	7	0.5384615384615384	1	7	8	12	13	13	8	1	1	0
g	060	23	3	0	5	5	0.5	1	6	5	5	9	9	8	1	1	0
g	061	21	4	0	3	4	0.5	1	6	5	8	9	9	8	1	1	0
g	062	27	4	0	5	7	0.6363636363636364	1	8	10	7	8	9	12	1	1	1
g	063	29	1	0	7	5	0.6	0	3	6	6	8	7	4	1	1	0
g	064	42	1	1	8	8	0.9	0	17	16	8	7	7	19	1	2	0
g	065	56	1	0	10	12	0.8571428571428571	1	17	19	10	12	10	18	1	1	0
g	066	24	3	1	4	4	0.5	1	6	6	7	10	8	6	1	1	0
g	067	39	0	0	4	4	0.6153846153846154	0	6	7	9	10	0	0	1	0	0
g	068	40	4	0	7	8	0.6153846153846154	0	12	12	10	11	10	13	1	1	0
g	069	35	3	0	6	7	0.5384615384615384	1	10	8	9	12	12	12	1	1	0
g	070	27	2	0	6	5	0.5	0	6	5	6	9	7	6	1	1	0
g	071	28	5	0	5	5	0.35714285714285715	1	4	5	13	14	17	8	1	1	0
g	072	27	1	1	5	5	0.7	0	4	7	7	7	8	6	1	1	1
g	073	40	1	0	9	7	0.6666666666666666	0	7	8	5	9	6	7	1	2	0
g	074	42	3	0	9	8	0.6428571428571429	1	7	9	4	9	9	11	1	1	1
g	075	30	1	0	6	6	0.875	0	9	9	5	6	4	8	1	1	0
g	076	46	3	0	10	8	0.6428571428571429	0	8	11	9	11	10	9	1	1	0
g	077	27	2	0	6	5	0.6666666666666666	1	7	8	6	9	7	8	1	1	0
g	078	38	4	0	7	7	0.4375	1	6	6	13	16	20	12	1	1	3
g	079	42	1	0	6	8	0.6153846153846154	1	12	13	12	15	11	14	1	1	0
g	080	38	2	2	7	7	0.6923076923076923	1	10	10	10	10	9	10	1	1	0
g	081	30	4	0	5	7	0.9090909090909091	2	11	11	5	7	8	14	1	0	2
g	082	36	2	0	6	7	0.5833333333333334	0	10	11	11	13	13	12	1	1	0
g	083	34	1	0	9	5	0.6363636363636364	0	5	7	10	9	8	5	1	1	0
g	084	65	4	0	12	12	0.7058823529411765	1	16	17	16	18	14	16	1	1	0
g	085	16	11	3	1	1	0.38461538461538464	2	1	2	9	9	13	5	1	0	1
g	086	33	3	0	6	6	0.6363636363636364	1	10	10	10	9	9	10	1	1	0
g	087	45	4	1	7	10	0.8571428571428571	1	17	19	10	11	14	22	1	1	1
g	088	52	4	0	8	9	0.6	1	13	12	8	12	8	8	1	1	0
g	089	19	11	4	2	1	0.5384615384615384	4	5	5	9	9	11	8	1	0	1
g	090	51	4	0	7	11	0.7333333333333333	0	18	20	12	14	13	19	1	1	0
g	091	44	0	0	4	4	0.5714285714285714	0	8	7	12	11	0	0	1	0	0
g	092	36	2	0	6	7	0.5833333333333334	0	8	9	11	12	12	10	1	1	0
g	093	25	2	0	4	5	0.5	0	5	7	8	10	11	7	1	1	1
g	094	32	4	1	7	5	0.6666666666666666	0	6	5	8	8	9	7	1	1	0
g	095	28	2	0	7	5	0.6666666666666666	0	5	7	4	8	5	6	1	1	0
g	096	62	0	0	12	9	0.625	0	13	9	11	13	1	9	1	1	0
g	097	39	3	1	7	9	0.7142857142857143	3	11	13	10	13	16	19	1	0	3
g	098	36	4	0	7	7	0.6666666666666666	0	8	12	10	9	10	10	1	1	0
g	099	22	3	1	3	4	0.5454545454545454	1	4	4	6	10	11	7	1	1	1
h	000	22	4	4	3	3	0.6363636363636364	3	4	3	15	13	16	5	1	0	0
h	001	31	5	4	5	3	0.5333333333333333	3	4	3	22	20	22	4	1	0	1
h	002	35	7	5	4	4	0.625	3	7	5	21	19	19	5	1	0	0
h	003	21	6	4	3	2	0.5833333333333334	2	3	3	14	12	14	4	1	0	0
h	004	28	1	5	2	2	0.7272727272727273	4	5	6	18	17	18	5	1	0	0
h	005	39	8	4	8	5	0.7058823529411765	1	5	3	23	20	25	4	1	0	1
h	006	24	7	3	4	2	0.5384615384615384	3	3	2	16	14	16	3	1	0	1
h	007	31	3	0	4	2	0.6666666666666666	3	4	3	17	15	16	0	1	0	0
h	008	22	7	2	3	1	0.5833333333333334	3	4	2	14	11	14	2	1	0	0
h	009	21	6	5	1	2	0.6363636363636364	3	6	5	14	13	14	5	1	0	0
h	010	22	5	2	2	2	0.5454545454545454	3	4	2	14	12	13	2	1	0	0
h	011	32	6	6	5	4	0.8571428571428571	2	6	5	15	15	15	6	1	0	1
h	012	23	9	3	2	3	0.42857142857142855	3	4	3	16	15	16	3	1	0	0
h	013	28	6	1	5	4	0.5384615384615384	3	3	2	13	11	10	1	1	0	0
h	014	28	5	2	3	3	0.5384615384615384	3	5	2	16	14	15	2	1	0	0
h	015	16	8	2	1	2	0.36363636363636365	3	3	2	12	11	12	2	1	0	0
h	016	15	5	1	2	2	0.4444444444444444	2	2	2	10	9	10	1	1	0	0
h	017	20	7	3	2	2	0.4166666666666667	3	4	2	15	14	15	3	1	0	0
h	018	24	0	3	2	2	0.7777777777777778	2	5	7	13	13	13	7	1	0	0
h	019	29	9	5	5	3	0.5333333333333333	2	5	4	17	16	15	5	1	0	1
h	020	42	6	5	8	4	0.8125	2	6	4	20	18	16	5	1	0	0
h	021	36	7	4	7	5	0.625	3	4	2	21	18	21	5	1	0	1
h	022	26	6	2	3	2	0.5384615384615384	3	4	3	16	14	15	2	1	0	0
h	023	20	5	2	2	2	0.5454545454545454	3	3	2	14	11	14	2	1	0	0
h	024	40	4	3	6	5	0.75	2	6	2	19	18	17	3	1	0	0
h	025	24	5	6	5	4	0.8333333333333334	3	3	2	13	11	16	6	1	0	3
h	026	39	6	5	5	5	0.75	3	8	5	21	19	19	5	1	0	0
h	027	27	7	5	2	2	0.5333333333333333	3	5	4	20	18	21	5	1	0	0
h	028	26	6	3	5	2	0.6666666666666666	2	5	3	16	15	16	3	1	0	0
h	029	40	7	6	8	3	0.9333333333333333	1	7	6	19	17	17	6	1	0	0
h	030	56	0	0	9	5	0.7142857142857143	0	7	6	19	17	0	0	1	0	0
h	031	33	3	6	4	3	0.6428571428571429	3	4	3	16	16	12	6	1	0	2
h	032	24	6	1	2	2	0.38461538461538464	3	3	2	17	15	16	1	1	0	0
h	033	19	6	3	3	2	0.5454545454545454	2	2	2	11	11	12	3	1	0	1
h	034	24	8	3	2	3	0.5384615384615384	3	5	3	13	11	12	3	1	0	0
h	035	43	6	5	10	4	0.75	2	6	5	21	21	16	5	1	0	1
h	036	22	6	3	2	2	0.5	3	4	3	15	14	15	3	1	0	0
h	037	31	5	3	4	4	0.6923076923076923	3	6	3	17	15	15	3	1	0	0
h	038	26	9	3	3	3	0.375	3	3	2	20	19	22	3	1	0	1
h	039	27	6	2	2	2	0.42857142857142855	3	4	2	19	17	18	2	1	0	0
h	040	28	8	5	4	3	0.6	3	5	5	19	16	18	5	1	0	0
h	041	27	7	5	2	2	0.5714285714285714	3	6	5	18	17	18	5	1	0	0
h	042	27	6	2	4	4	0.5384615384615384	3	4	2	16	14	14	2	1	0	0
h	043	23	6	5	1	2	0.5833333333333334	3	6	5	16	15	16	5	1	0	0
h	044	28	4	5	5	2	0.75	2	6	4	17	16	17	5	1	0	1
h	045	28	7	7	1	2	0.6428571428571429	3	8	7	19	18	19	7	1	0	0
h	046	44	1	2	7	5	0.5882352941176471	2	5	3	19	17	12	3	1	0	0
h	047	39	5	2	8	5	0.6	1	4	3	20	17	17	2	1	1	0
h	048	32	6	3	6	3	0.4666666666666667	2	4	3	21	19	19	3	1	0	1
h	049	23	6	2	4	3	0.6363636363636364	2	4	2	12	10	11	2	1	0	0
h	050	20	4	3	2	2	0.6	3	4	3	13	12	13	3	1	0	0
h	051	20	6	3	2	2	0.5454545454545454	3	4	3	13	12	13	3	1	0	0
h	052	33	5	3	5	6	0.6666666666666666	3	4	2	20	21	25	3	1	0	1
h	053	26	6	2	4	3	0.5833333333333334	3	4	2	14	12	11	2	1	0	0
h	054	24	5	2	4	3	0.5833333333333334	3	3	2	14	13	14	2	1	0	0
h	055	25	7	3	2	2	0.42857142857142855	3	4	3	19	16	18	3	1	0	0
h	056	25	7	3	2	2	0.4	3	3	2	20	18	21	3	1	0	0
h	057	18	5	3	1	2	0.5	3	4	3	13	12	13	3	1	0	0
h	058	25	4	6	5	3	0.9090909090909091	3	4	3	14	12	15	6	1	0	2
h	059	27	7	4	2	2	0.5	3	6	4	19	17	18	4	1	0	0
h	060	28	5	5	3	2	0.7692307692307693	3	5	3	16	14	16	5	1	0	0
h	061	29	7	3	2	2	0.4375	3	4	3	21	20	22	3	1	0	0
h	062	20	4	2	3	3	0.6	3	4	2	13	12	13	2	1	0	0
h	063	50	0	0	8	5	0.5714285714285714	0	6	6	18	18	0	0	1	0	0
h	064	26	6	2	3	3	0.46153846153846156	3	4	2	17	15	15	2	1	0	0
h	065	30	5	4	5	4	0.7857142857142857	1	4	2	14	12	15	4	1	0	2
h	066	25	6	4	2	3	0.6153846153846154	3	5	4	16	15	17	4	1	0	0
h	067	29	6	3	6	3	0.42857142857142855	3	3	2	20	17	16	3	1	0	0
h	068	27	5	7	5	2	0.9166666666666666	2	5	5	15	11	14	7	1	0	1
h	069	30	4	3	5	4	0.75	3	6	3	16	14	14	3	1	0	0
h	070	19	4	4	1	2	0.6	3	4	4	14	12	14	4	1	0	0
h	071	25	6	3	3	3	0.5833333333333334	3	5	3	15	13	13	3	1	0	0
h	072	22	6	2	4	3	0.5454545454545454	2	4	3	14	12	12	2	1	0	0
h	073	18	5	2	2	3	0.5	3	3	2	12	11	12	2	1	0	0
h	074	24	7	1	3	2	0.42857142857142855	2	3	2	16	15	16	1	1	0	0
h	075	42	8	3	6	6	0.6666666666666666	3	6	3	23	23	24	3	1	1	0
h	076	25	5	3	4	3	0.5833333333333334	3	4	3	16	14	14	3	1	0	0
h	077	34	4	2	8	4	0.6153846153846154	1	5	3	16	16	10	2	1	0	0
h	078	30	5	3	4	3	0.5714285714285714	3	4	3	19	18	19	3	1	0	0
h	079	39	8	6	5	5	0.8125	3	9	6	20	20	20	6	1	0	0
h	080	18	5	5	2	2	0.7	3	4	3	12	10	12	5	1	0	0
h	081	32	6	2	6	3	0.6	3	3	3	20	18	22	3	1	0	0
h	082	23	6	3	2	3	0.5	0	5	5	15	11	12	6	1	0	0
h	083	30	1	5	1	2	0.5384615384615384	4	5	5	22	22	23	5	1	0	0
h	084	25	5	3	3	3	0.6666666666666666	2	4	3	14	11	12	3	1	0	0
h	085	17	6	3	1	2	0.5	3	4	3	12	11	12	3	1	0	0
h	086	27	8	5	3	1	0.7857142857142857	3	6	5	15	13	16	5	1	0	0
h	087	27	8	4	1	2	0.4375	3	4	4	21	19	22	4	1	0	0
h	088	62	0	0	10	7	0.625	0	6	5	21	19	0	0	1	0	0
h	089	25	3	5	3	2	0.6666666666666666	3	2	3	17	15	20	5	1	0	2
h	090	29	4	2	5	3	0.6666666666666666	3	5	3	18	16	17	2	1	0	0
h	091	35	6	3	6	4	0.6428571428571429	0	6	3	15	13	12	3	1	0	0
h	092	29	6	4	3	2	0.6428571428571429	3	5	4	18	15	17	4	1	0	0
h	093	26	6	4	3	3	0.5384615384615384	3	5	4	18	15	16	4	1	0	0
h	094	29	7	6	2	2	0.5625	3	5	4	21	19	22	6	1	0	0
h	095	20	5	3	2	3	0.5454545454545454	3	3	3	14	12	14	3	1	0	0
h	096	23	8	4	1	2	0.42857142857142855	3	4	4	18	16	18	4	1	0	0
h	097	26	5	3	3	3	0.5833333333333334	3	5	3	16	14	14	3	1	0	0
h	098	35	7	3	4	3	0.4444444444444444	3	4	2	25	23	25	3	1	2	0
h	099	28	4	0	5	2	0.46153846153846156	2	2	3	17	16	15	0	1	0	0
i	000	9	7	0	0	1	0.18181818181818182	1	2	2	7	7	7	1	2	0	0
i	001	9	9	0	0	1	0.08333333333333333	2	2	2	9	9	9	1	2	0	0
i	002	14	12	0	0	2	0.14285714285714285	2	2	2	12	12	12	1	2	0	0
i	003	11	9	0	0	2	0.16666666666666666	2	2	2	9	9	9	1	2	0	0
i	004	14	5	1	1	2	0.4	1	4	5	8	8	7	1	2	0	0
i	005	21	0	1	1	2	0.2727272727272727	2	4	5	10	9	0	3	2	0	0
i	006	12	6	0	0	2	0.16666666666666666	1	4	3	8	9	6	1	2	0	0
i	007	10	8	0	0	1	0.18181818181818182	1	2	2	8	8	8	1	2	0	0
i	008	6	6	0	0	1	0.1111111111111111	2	2	2	6	6	6	1	2	0	0
i	009	8	8	0	0	1	0.1	2	2	2	8	8	8	1	2	0	0
i	010	24	2	0	2	5	0.38461538461538464	0	5	5	9	9	18	14	2	2	4
i	011	28	0	0	0	2	0.13333333333333333	0	4	4	14	14	0	0	2	0	0
i	012	10	10	0	0	1	0.08333333333333333	2	2	2	10	10	10	1	2	0	0
i	013	12	10	1	0	1	0.14285714285714285	1	3	2	10	11	10	2	2	0	0
i	014	13	7	0	0	2	0.25	0	2	3	9	8	7	1	2	0	0
i	015	22	0	0	0	2	0.15384615384615385	0	4	4	11	11	0	0	2	0	0
i	016	10	10	0	0	1	0.07692307692307693	2	2	2	10	10	10	1	2	0	0
i	017	11	11	0	0	1	0.07692307692307693	2	2	2	11	11	11	1	2	0	0
i	018	9	9	0	0	1	0.1	2	2	2	9	9	9	1	2	0	0
i	019	21	1	0	0	2	0.16666666666666666	0	3	4	11	10	1	0	2	0	0
i	020	28	0	0	0	2	0.13333333333333333	0	4	4	14	14	0	0	2	0	0
i	021	20	0	0	0	2	0.16666666666666666	0	4	4	10	10	0	0	2	0	0
i	022	22	0	0	0	2	0.15384615384615385	0	4	4	11	11	0	0	2	0	0
i	023	16	0	0	0	2	0.2	0	4	4	8	8	0	0	2	0	0
i	024	9	7	1	0	1	0.2	1	2	3	7	8	7	2	2	0	0
i	025	14	7	1	1	3	0.3076923076923077	1	4	3	8	6	8	4	2	0	0
i	026	13	13	0	0	1	0.0625	2	2	2	13	13	13	1	2	0	0
i	027	11	7	1	0	2	0.23076923076923078	2	3	3	8	7	9	3	2	0	0
i	028	12	12	0	0	1	0.07692307692307693	2	2	2	12	12	12	1	2	0	0
i	029	10	8	1	0	1	0.18181818181818182	1	2	3	9	8	8	2	2	0	0
i	030	14	8	0	0	2	0.16666666666666666	2	3	3	10	10	8	0	2	0	0
i	031	7	7	0	0	1	0.1111111111111111	2	2	2	7	7	7	1	2	0	0
i	032	26	0	0	0	2	0.14285714285714285	0	4	4	13	13	0	0	2	0	0
i	033	10	10	0	0	1	0.08333333333333333	4	2	2	10	10	10	0	2	0	0
i	034	10	10	0	0	1	0.08333333333333333	2	2	2	10	10	10	1	2	0	0
i	035	9	9	0	0	1	0.09090909090909091	2	2	2	9	9	9	1	2	0	0
i	036	18	0	0	0	2	0.2	0	4	4	9	9	0	0	2	0	0
i	037	36	0	0	12	3	0.2	0	6	6	12	12	0	0	2	0	0
i	038	22	0	0	0	2	0.15384615384615385	0	4	4	11	11	0	0	2	0	0
i	039	11	11	0	0	1	0.08333333333333333	2	2	2	11	11	11	1	2	0	0
i	040	12	12	0	0	1	0.0625	2	2	2	12	12	12	1	2	0	0
i	041	10	10	0	0	1	0.08333333333333333	2	2	2	10	10	10	1	2	0	0
i	042	11	9	1	0	1	0.15384615384615385	4	3	3	10	10	9	2	2	0	0
i	043	18	0	0	0	2	0.2	0	4	4	9	9	0	0	2	0	0
i	044	10	8	1	0	1	0.2	1	2	3	8	9	8	2	2	0	0
i	045	10	10	0	0	1	0.08333333333333333	2	2	2	10	10	10	1	2	0	0
i	046	7	7	0	0	1	0.125	2	2	2	7	7	7	1	2	0	0
i	047	14	14	0	0	1	0.0625	4	2	2	14	14	14	0	2	0	0
i	048	18	0	0	0	2	0.18181818181818182	0	4	4	9	9	0	0	2	0	0
i	049	12	7	2	1	2	0.3076923076923077	2	3	4	8	7	7	3	2	0	0
i	050	11	11	0	0	1	0.07692307692307693	2	2	2	11	11	11	1	2	0	0
i	051	9	9	0	0	1	0.09090909090909091	2	2	2	9	9	9	1	2	0	0
i	052	11	11	0	0	1	0.07692307692307693	4	2	2	11	11	11	0	2	0	0
i	053	11	11	0	0	1	0.07692307692307693	2	2	2	11	11	11	1	2	0	0
i	054	8	8	0	0	1	0.1111111111111111	2	2	2	8	8	8	1	2	0	0
i	055	10	10	0	0	1	0.07692307692307693	2	2	2	10	10	10	1	2	0	0
i	056	11	11	0	0	2	0.16666666666666666	4	2	2	10	10	11	0	2	0	0
i	057	13	13	0	0	1	0.06666666666666667	2	2	2	13	13	13	1	2	0	0
i	058	12	12	0	0	1	0.07692307692307693	2	2	2	12	12	12	1	2	0	0
i	059	10	8	2	0	1	0.3	2	3	3	8	8	8	3	2	0	0
i	060	8	6	0	0	2	0.2222222222222222	3	2	2	6	6	6	0	2	0	0
i	061	10	8	1	0	1	0.18181818181818182	1	2	3	9	8	8	2	2	0	0
i	062	11	11	0	0	1	0.07692307692307693	4	2	2	11	11	11	0	2	0	0
i	063	7	7	0	0	1	0.09090909090909091	2	2	2	7	7	7	1	2	0	0
i	064	15	11	0	0	2	0.13333333333333333	2	2	2	11	11	11	1	2	0	0
i	065	12	12	0	0	1	0.07142857142857142	4	2	2	12	12	12	0	2	0	0
i	066	10	10	0	0	1	0.08333333333333333	2	2	2	10	10	10	1	2	0	0
i	067	14	12	0	0	2	0.13333333333333333	2	2	2	12	12	12	1	2	0	0
i	068	10	10	0	0	1	0.07692307692307693	2	2	2	10	10	10	1	2	0	0
i	069	11	11	0	0	1	0.08333333333333333	2	2	2	11	11	11	1	2	0	0
i	070	18	7	2	3	3	0.38461538461538464	2	4	4	8	8	7	2	2	0	0
i	071	26	0	0	0	2	0.13333333333333333	0	4	4	13	13	0	0	2	0	0
i	072	20	0	0	0	2	0.18181818181818182	0	4	4	10	10	0	0	2	0	0
i	073	12	8	0	0	2	0.16666666666666666	1	2	2	9	9	8	1	2	0	0
i	074	10	10	0	0	1	0.08333333333333333	2	2	2	10	10	10	1	2	0	0
i	075	16	13	2	1	1	0.2	2	3	4	14	13	13	3	2	0	0
i	076	7	7	0	0	1	0.125	2	2	2	7	7	7	1	2	0	0
i	077	6	6	0	0	1	0.125	2	2	2	6	6	6	1	2	0	0
i	078	13	13	0	0	1	0.0625	2	2	2	13	13	13	1	2	0	0
i	079	6	6	0	0	1	0.14285714285714285	2	2	2	6	6	6	1	2	0	0
i	080	14	6	0	1	1	0.36363636363636365	1	3	3	8	8	8	1	2	0	0
i	081	6	6	0	0	1	0.125	2	2	2	6	6	6	1	2	0	0
i	082	10	10	0	0	1	0.08333333333333333	2	2	2	10	10	10	1	2	0	0
i	083	10	8	0	0	2	0.16666666666666666	1	2	2	8	8	8	1	2	0	0
i	084	9	9	0	0	1	0.09090909090909091	2	2	2	9	9	9	1	2	0	0
i	085	15	11	0	0	1	0.14285714285714285	2	3	3	13	13	11	0	2	0	0
i	086	11	9	1	0	1	0.18181818181818182	4	3	3	10	10	9	2	2	0	0
i	087	13	13	0	0	1	0.06666666666666667	4	2	2	13	13	13	0	2	0	0
i	088	12	12	0	0	1	0.07692307692307693	4	2	2	12	12	12	0	2	0	0
i	089	13	9	1	0	1	0.25	1	2	3	10	9	9	2	2	0	0
i	090	10	10	0	0	1	0.07142857142857142	2	2	2	10	10	10	1	2	0	0
i	091	10	10	0	0	1	0.08333333333333333	2	2	2	10	10	10	1	2	0	0
i	092	10	10	0	0	1	0.07692307692307693	2	2	2	10	10	10	1	2	0	0
i	093	10	10	0	0	1	0.08333333333333333	2	2	2	10	10	10	1	2	0	0
i	094	11	9	0	0	1	0.16666666666666666	1	2	2	9	9	9	1	2	0	0
i	095	11	11	0	0	1	0.07692307692307693	2	2	2	11	11	11	1	2	0	0
i	096	13	7	3	0	2	0.45454545454545453	2	3	3	7	8	9	3	2	0	0
i	097	15	7	0	0	2	0.15384615384615385	1	4	3	10	11	7	0	2	0	0
i	098	15	15	0	0	1	0.058823529411764705	4	2	2	15	15	15	0	2	0	0
i	099	39	0	0	13	3	0.2	0	6	6	13	13	0	0	2	0	0
j	000	19	7	3	2	2	0.5714285714285714	1	3	5	9	9	9	3	2	0	0
j	001	17	6	3	3	2	0.5833333333333334	1	4	6	8	8	8	4	2	0	0
j	002	12	9	2	1	3	0.35714285714285715	2	4	4	6	6	9	6	2	0	1
j	003	17	9	2	2	2	0.38461538461538464	1	4	4	10	11	10	3	2	0	0
j	004	14	8	1	0	1	0.5	1	2	3	6	7	8	2	2	0	0
j	005	22	12	6	3	2	0.5	4	5	6	13	14	14	6	2	0	0
j	006	18	8	5	1	2	0.5384615384615384	1	6	7	8	9	8	6	2	0	0
j	007	15	8	3	1	1	0.45454545454545453	1	4	6	10	10	10	4	2	0	0
j	008	15	6	2	1	1	0.38461538461538464	2	3	4	11	10	12	3	2	0	0
j	009	37	0	0	5	4	0.5833333333333334	0	7	8	12	13	0	0	2	0	0
j	010	18	5	2	2	3	0.46153846153846156	2	3	4	10	10	10	3	2	0	0
j	011	13	5	1	0	2	0.4	2	3	3	9	10	11	2	2	0	0
j	012	14	8	3	2	1	0.45454545454545453	2	3	4	8	9	9	4	2	0	0
j	013	16	6	1	2	2	0.4166666666666667	2	3	4	10	10	11	2	2	0	0
j	014	13	6	2	1	1	0.45454545454545453	2	3	4	8	9	10	3	2	0	0
j	015	36	0	0	4	5	0.6153846153846154	0	6	6	10	10	0	0	2	0	0
j	016	10	6	2	1	2	0.4444444444444444	2	4	5	5	6	6	5	2	0	0
j	017	43	0	0	3	4	0.6666666666666666	0	9	9	12	12	0	0	2	0	0
j	018	18	7	3	2	1	0.5833333333333334	1	4	6	9	9	9	4	2	0	0
j	019	20	6	2	3	1	0.7272727272727273	1	4	5	8	8	8	3	2	0	0
j	020	15	7	4	1	2	0.6363636363636364	2	5	5	7	7	7	5	2	0	0
j	021	11	9	2	0	1	0.25	2	3	3	9	9	9	3	2	0	0
j	022	17	8	2	2	1	0.4166666666666667	1	3	5	11	11	11	3	2	0	0
j	023	17	8	1	2	1	0.4166666666666667	1	3	4	10	10	10	2	2	0	0
j	024	14	8	4	1	1	0.5	2	4	5	8	9	10	5	2	0	0
j	025	22	7	3	3	3	0.5	2	4	6	13	13	13	4	2	0	0
j	026	16	12	0	0	1	0.2	1	3	3	13	13	12	1	2	0	0
j	027	11	6	4	1	1	0.5	2	4	4	7	7	8	5	2	0	0
j	028	35	0	0	3	2	0.4	0	6	6	13	13	1	0	2	0	0
j	029	17	8	0	2	2	0.3076923076923077	3	4	5	7	9	9	5	2	0	0
j	030	18	6	3	2	2	0.5	2	4	6	11	11	11	4	2	0	0
j	031	17	6	2	1	2	0.38461538461538464	1	4	5	9	9	9	3	2	0	0
j	032	16	9	1	1	2	0.35714285714285715	2	4	4	10	10	13	5	2	0	0
j	033	12	7	3	1	2	0.45454545454545453	2	4	4	7	7	7	4	2	0	0
j	034	14	6	3	1	1	0.5454545454545454	2	4	5	6	7	6	4	2	0	0
j	035	14	12	0	0	1	0.14285714285714285	1	3	2	11	12	12	3	2	0	0
j	036	23	10	4	2	1	0.5333333333333333	1	5	6	13	12	12	4	2	0	0
j	037	17	12	2	1	2	0.3333333333333333	2	4	2	11	11	14	4	2	0	0
j	038	22	6	4	2	2	0.5	2	5	6	14	15	15	5	2	0	0
j	039	41	1	0	5	7	0.7857142857142857	0	16	18	12	12	19	23	2	2	2
j	040	13	6	2	2	1	0.5	1	3	5	7	7	7	3	2	0	0
j	041	32	0	1	10	3	0.45454545454545453	2	6	7	8	9	0	4	2	0	0
j	042	32	0	0	3	3	0.46153846153846156	0	6	6	11	11	0	0	2	0	0
j	043	18	9	2	2	1	0.42857142857142855	1	3	5	10	10	10	3	2	0	0
j	044	21	7	1	3	3	0.46153846153846156	2	3	4	12	12	12	2	2	0	0
j	045	15	4	0	2	3	0.5	2	3	3	7	7	7	1	2	0	0
j	046	22	6	4	2	2	0.6428571428571429	4	9	7	9	10	12	11	2	0	0
j	047	19	5	3	2	3	0.5	2	5	7	10	10	8	3	2	0	0
j	048	19	7	3	3	1	0.5833333333333334	1	4	5	10	11	11	4	2	0	0
j	049	15	9	2	2	1	0.3333333333333333	1	4	4	10	11	10	3	2	0	0
j	050	22	7	2	3	3	0.5714285714285714	2	3	5	10	10	10	3	2	0	0
j	051	15	9	3	0	1	0.35714285714285715	2	3	3	11	11	13	4	2	0	1
j	052	15	8	3	1	1	0.38461538461538464	3	3	4	11	10	11	3	2	0	0
j	053	16	9	3	1	1	0.38461538461538464	3	4	6	11	11	11	3	2	0	0
j	054	16	8	5	2	1	0.5384615384615384	3	4	4	9	9	10	5	2	0	1
j	055	19	7	2	2	2	0.5	2	3	5	11	11	11	3	2	0	0
j	056	15	4	1	1	1	0.45454545454545453	2	3	3	10	9	11	2	2	0	0
j	057	36	0	0	3	4	0.5384615384615384	0	7	9	12	12	0	0	2	0	0
j	058	15	9	5	1	1	0.46153846153846156	2	5	5	10	10	11	6	2	0	0
j	059	20	5	2	3	3	0.5833333333333334	0	5	6	7	8	7	5	2	0	0
j	060	20	5	2	2	2	0.5	1	5	6	11	12	10	3	2	0	0
j	061	15	9	4	0	1	0.35714285714285715	2	3	3	11	11	13	5	2	0	1
j	062	13	8	2	1	1	0.36363636363636365	1	3	4	8	9	8	3	2	0	0
j	063	14	11	4	1	1	0.38461538461538464	2	4	3	10	10	12	5	2	0	1
j	064	23	6	2	3	4	0.5384615384615384	2	5	6	10	10	9	2	2	0	0
j	065	14	9	2	1	1	0.3333333333333333	3	3	4	9	10	9	2	2	0	0
j	066	20	7	0	2	2	0.35714285714285715	2	3	3	12	12	12	1	2	0	0
j	067	14	3	2	2	2	0.5555555555555556	2	3	5	8	8	8	3	2	0	0
j	068	18	10	3	2	1	0.46153846153846156	1	4	6	11	11	11	4	2	0	0
j	069	20	7	5	3	2	0.6923076923076923	4	4	6	9	9	10	5	2	0	0
j	070	16	9	7	1	1	0.5714285714285714	2	6	6	9	9	11	8	2	0	1
j	071	15	8	2	2	2	0.38461538461538464	1	3	5	8	8	9	3	2	0	0
j	072	16	9	2	2	1	0.38461538461538464	1	3	5	10	10	10	3	2	0	0
j	073	20	6	1	1	2	0.38461538461538464	2	4	6	13	13	12	2	2	0	0
j	074	12	8	1	0	1	0.2727272727272727	1	4	2	8	9	10	4	2	0	0
j	075	17	5	2	1	3	0.4166666666666667	2	4	5	10	11	11	4	2	0	0
j	076	13	9	2	0	1	0.3333333333333333	1	3	3	10	9	11	3	2	0	1
j	077	27	3	0	5	4	0.46153846153846156	0	5	7	11	12	10	3	2	0	0
j	078	18	11	4	1	3	0.4666666666666667	2	4	4	10	10	15	6	2	0	1
j	079	18	5	2	2	2	0.45454545454545453	2	3	5	12	12	12	3	2	0	0
j	080	18	11	2	2	2	0.4	1	4	5	11	11	12	3	2	0	0
j	081	14	9	2	1	1	0.4166666666666667	2	3	3	8	9	10	3	2	0	0
j	082	12	6	3	0	2	0.5	2	3	3	7	7	8	4	2	0	0
j	083	17	9	4	2	1	0.46153846153846156	2	4	6	9	11	10	5	2	0	0
j	084	23	8	3	1	4	0.4666666666666667	2	4	6	13	12	12	4	2	0	0
j	085	39	0	0	4	7	0.5384615384615384	0	4	3	12	11	0	0	1	0	0
j	086	17	8	3	1	1	0.38461538461538464	2	3	4	12	13	14	4	2	0	1
j	087	19	7	4	2	2	0.6153846153846154	1	5	7	9	9	9	5	2	0	0
j	088	19	11	3	2	1	0.42857142857142855	1	4	5	11	12	11	4	2	0	0
j	089	18	10	3	1	2	0.5	2	4	5	9	10	10	4	2	0	0
j	090	13	6	2	2	1	0.5	1	3	5	7	7	7	3	2	0	0
j	091	13	6	2	1	1	0.4166666666666667	2	3	4	6	7	6	3	2	0	0
j	092	22	8	2	2	1	0.5	1	4	6	12	12	10	2	2	0	0
j	093	20	9	4	2	2	0.6153846153846154	2	7	7	8	10	11	8	2	0	0
j	094	15	8	2	1	1	0.4166666666666667	2	4	3	9	10	10	3	2	0	0
j	095	22	9	3	3	2	0.5	3	5	7	12	12	11	5	2	0	0
j	096	20	6	4	2	3	0.5714285714285714	2	5	5	10	10	12	5	2	0	0
j	097	14	5	1	1	2	0.36363636363636365	2	3	3	10	9	10	2	2	0	0
j	098	12	7	2	1	1	0.3333333333333333	2	3	3	7	8	8	3	2	0	0
j	099	16	6	4	2	1	0.6153846153846154	1	4	6	7	7	8	5	2	0	0
sad	000	33	4	3	5	6	0.7142857142857143	3	13	12	10	11	5	8	4	0	0
sad	001	21	2	5	1	3	0.8333333333333334	8	10	9	11	12	14	7	4	0	1
sad	002	23	2	3	5	5	0.9090909090909091	4	9	8	8	9	8	7	4	0	2
sad	003	14	2	2	2	2	0.7777777777777778	2	7	5	6	6	6	4	4	0	0
sad	004	28	3	4	5	5	0.9230769230769231	3	12	11	8	9	5	7	4	0	0
sad	005	49	1	0	6	8	1.0	0	16	19	10	9	1	0	4	0	0
sad	006	24	3	2	5	6	0.8181818181818182	1	9	9	7	7	9	10	4	2	0
sad	007	20	3	3	2	5	0.75	8	7	6	12	13	13	4	4	0	0
sad	008	49	0	3	8	10	1.0769230769230769	1	18	19	11	11	6	9	4	0	0
sad	009	58	0	0	7	9	0.9333333333333333	0	17	18	11	12	0	1	4	0	0
sad	010	24	2	7	5	5	1.0833333333333333	3	11	10	7	8	8	12	4	0	4
sad	011	21	1	5	2	0	1.1818181818181819	6	9	11	5	5	15	19	4	0	5
sad	012	21	2	6	2	3	0.8333333333333334	8	8	8	12	12	15	8	4	0	2
sad	013	35	0	4	4	7	0.8461538461538461	2	17	11	12	14	6	7	4	0	0
sad	014	26	2	5	4	5	1.0833333333333333	4	12	11	8	9	8	10	4	0	2
sad	015	67	3	0	11	14	0.8235294117647058	2	19	18	13	13	6	7	4	0	0
sad	016	21	2	2	2	5	0.6363636363636364	6	8	6	12	12	12	3	4	0	0
sad	017	22	2	3	4	1	1.1818181818181819	2	11	9	8	8	4	4	4	0	0
sad	018	33	0	5	6	6	1.0	0	14	15	8	9	1	9	4	0	0
sad	019	32	4	3	5	6	0.6875	2	13	9	10	12	7	7	4	0	0
sad	020	24	4	3	4	3	0.8461538461538461	3	11	9	10	10	6	4	4	0	0
sad	021	15	2	5	1	2	1.0	2	4	4	6	7	11	6	3	0	3
sad	022	34	4	6	6	5	0.9333333333333333	2	15	13	12	12	6	10	4	0	0
sad	023	42	0	1	9	10	0.8666666666666667	3	9	11	13	12	13	7	4	0	1
sad	024	47	3	1	7	9	1.0	3	12	13	10	10	4	5	4	0	0
sad	025	39	0	5	5	8	1.0714285714285714	1	18	16	13	13	5	10	4	0	0
sad	026	33	1	3	4	5	0.6666666666666666	5	10	9	17	17	15	4	4	0	0
sad	027	14	2	3	2	3	0.7	2	5	5	7	7	8	6	3	0	0
sad	028	27	3	5	5	5	0.7857142857142857	3	12	11	11	10	7	8	4	0	0
sad	029	39	3	3	6	8	0.8125	1	10	9	9	14	8	6	4	0	2
sad	030	48	3	1	6	9	0.8666666666666667	0	14	17	7	10	3	2	4	0	0
sad	031	35	2	8	7	5	1.1538461538461537	4	10	12	11	9	7	11	4	0	2
sad	032	37	3	3	8	6	0.7692307692307693	1	11	10	13	14	5	5	4	0	0
sad	033	42	0	2	8	6	0.8571428571428571	2	14	16	13	13	0	6	4	0	0
sad	034	21	1	2	4	2	0.7692307692307693	1	6	7	6	7	8	6	4	0	0
sad	035	70	2	0	11	11	1.0588235294117647	1	23	25	13	13	11	8	4	3	0
sad	036	20	1	3	4	1	1.0	0	9	9	4	5	4	8	4	0	0
sad	037	48	0	4	5	12	1.1428571428571428	2	22	20	10	10	4	14	4	0	0
sad	038	28	0	4	5	6	0.9090909090909091	1	13	11	10	10	4	7	4	0	1
sad	039	22	3	6	3	4	0.7857142857142857	6	9	8	10	9	11	7	3	0	1
sad	040	50	0	2	12	9	0.75	0	15	14	12	13	2	5	4	1	0
sad	041	22	0	3	4	4	1.1111111111111112	2	8	6	8	8	8	6	3	0	0
sad	042	36	3	2	6	8	1.0909090909090908	2	13	12	10	11	4	4	4	0	0
sad	043	18	3	9	3	1	1.1818181818181819	1	10	10	4	4	6	14	4	0	2
sad	044	24	2	4	2	5	0.7692307692307693	7	9	10	14	13	14	9	4	0	0
sad	045	12	3	0	2	1	0.5	1	6	6	6	5	5	5	4	0	0
sad	046	20	5	6	3	3	0.8666666666666667	7	8	8	10	10	10	7	4	0	0
sad	047	22	0	6	4	3	1.0	2	11	12	5	5	3	11	4	0	0
sad	048	34	4	1	6	6	0.7857142857142857	3	12	9	11	8	7	8	4	0	1
sad	049	13	1	6	2	1	1.1111111111111112	2	8	6	4	4	3	7	3	0	0
sad	050	25	3	6	4	4	1.0909090909090908	3	13	11	10	8	8	12	4	0	0
sad	051	17	2	5	2	2	1.1	4	7	7	9	9	11	7	4	0	0
sad	052	72	0	0	10	11	0.9333333333333333	0	21	21	14	14	2	2	4	0	0
sad	053	24	2	5	2	4	0.8333333333333334	7	8	8	14	14	17	6	4	0	1
sad	054	18	1	5	3	3	1.1111111111111112	2	9	8	5	6	6	9	4	0	0
sad	055	35	4	6	7	6	1.0714285714285714	2	13	12	9	10	5	7	4	0	0
sad	056	78	0	0	7	16	1.1428571428571428	0	22	20	10	10	2	0	4	0	0
sad	057	62	3	2	9	10	0.9285714285714286	2	15	13	14	12	4	5	4	0	0
sad	058	20	1	4	4	2	0.8461538461538461	1	9	7	6	6	7	9	4	0	0
sad	059	19	1	5	3	2	0.9166666666666666	1	7	6	5	6	8	8	3	0	1
sad	060	18	1	5	2	3	0.8333333333333334	6	8	9	8	7	9	10	4	0	1
sad	061	24	6	4	4	5	0.7142857142857143	3	13	12	10	11	7	9	4	0	0
sad	062	31	0	0	4	5	1.0909090909090908	0	10	15	8	7	6	7	4	0	0
sad	063	20	1	3	4	3	0.8888888888888888	1	11	9	8	8	4	5	4	0	0
sad	064	22	2	2	5	2	1.0	2	10	9	7	8	3	4	4	0	0
sad	065	29	1	1	6	5	0.8461538461538461	0	11	12	8	7	1	7	4	0	0
sad	066	18	6	5	2	2	0.6428571428571429	2	10	8	9	9	9	7	4	0	0
sad	067	18	1	7	1	3	1.0	6	8	9	7	6	11	12	4	0	4
sad	068	29	3	5	4	5	1.1666666666666667	4	14	13	8	9	8	9	4	0	2
sad	069	28	2	7	4	5	1.1538461538461537	7	12	11	9	8	14	16	4	0	3
sad	070	20	0	4	2	2	1.0	6	9	10	8	9	10	8	4	0	2
sad	071	13	1	6	1	1	1.0	2	7	6	4	5	7	11	4	0	1
sad	072	31	1	4	5	8	0.9230769230769231	1	15	14	9	8	4	9	4	0	1
sad	073	27	2	7	2	4	0.8571428571428571	6	8	8	16	16	20	11	4	0	2
sad	074	19	1	5	1	2	0.7272727272727273	6	7	7	12	12	15	7	4	0	2
sad	075	37	2	2	8	5	0.8461538461538461	3	10	8	16	16	6	3	4	0	0
sad	076	25	2	5	4	5	1.0	3	12	11	7	8	7	9	4	0	0
sad	077	36	3	5	6	8	1.0714285714285714	4	16	14	13	13	9	9	4	0	0
sad	078	31	1	3	6	6	0.9230769230769231	1	14	14	8	7	1	10	4	0	0
sad	079	30	0	5	6	6	1.0	0	13	13	8	8	1	7	4	0	0
sad	080	24	4	8	4	3	0.7857142857142857	7	10	9	14	13	15	10	4	0	1
sad	081	37	1	5	7	4	0.7692307692307693	2	13	13	16	16	5	9	4	0	0
sad	082	16	1	1	2	1	0.7	2	4	5	6	7	8	4	3	0	0
sad	083	19	1	3	2	0	1.0	2	7	8	7	7	11	9	4	0	2
sad	084	20	1	3	3	3	0.7692307692307693	0	8	7	6	5	5	7	4	0	0
sad	085	34	2	6	6	7	0.9285714285714286	1	15	16	8	8	2	11	4	0	0
sad	086	16	2	3	2	2	0.8	4	6	5	8	9	11	6	4	0	2
sad	087	13	2	5	1	0	0.9	2	6	5	4	5	9	11	4	0	3
sad	088	23	0	2	4	2	1.2222222222222223	2	8	7	7	7	7	6	3	0	0
sad	089	23	4	4	4	3	0.9166666666666666	2	12	11	9	8	4	6	4	0	0
sad	090	18	1	8	4	2	0.9230769230769231	1	8	9	6	5	8	13	4	0	2
sad	091	24	2	3	4	3	0.9230769230769231	1	9	10	6	7	6	8	4	0	0
sad	092	28	3	8	4	5	1.0833333333333333	4	12	12	10	10	9	13	4	0	4
sad	093	51	0	3	8	9	1.3846153846153846	0	20	18	8	8	4	9	4	1	0
sad	094	16	1	6	1	2	1.1111111111111112	6	10	9	6	7	9	10	4	0	1
sad	095	27	4	5	3	5	0.8571428571428571	8	10	10	14	14	16	8	4	0	1
sad	096	31	2	3	5	7	1.0	0	10	10	8	4	8	12	4	0	0
sad	097	29	4	3	3	3	0.6666666666666666	7	8	8	19	19	20	6	4	0	1
sad	098	49	1	1	9	10	0.8125	1	18	15	11	12	9	16	4	2	1
sad	099	25	2	4	4	5	1.375	2	14	12	8	8	4	7	4	0	0
smiley	000	32	3	4	4	4	0.7857142857142857	8	8	9	20	19	22	5	4	0	0
smiley	001	44	2	4	8	7	1.25	3	13	14	15	10	9	10	4	0	1
smiley	002	35	1	6	6	7	1.0833333333333333	4	12	13	14	15	15	9	4	0	2
smiley	003	35	0	3	7	8	1.1818181818181819	1	12	14	11	11	5	6	4	0	0
smiley	004	14	3	4	1	0	0.9	2	8	8	6	6	9	10	4	0	1
smiley	005	39	1	4	7	6	0.8571428571428571	0	13	14	13	13	4	8	4	0	0
smiley	006	25	3	7	5	5	1.0909090909090908	3	11	12	8	9	6	10	4	0	1
smiley	007	31	4	4	6	6	0.8461538461538461	6	8	9	13	14	17	9	4	0	0
smiley	008	24	2	5	4	5	1.2222222222222223	3	13	14	9	8	5	8	4	0	0
smiley	009	15	0	9	3	0	1.5	1	8	9	4	3	5	13	3	0	1
smiley	010	21	3	4	3	5	0.8181818181818182	4	11	11	9	9	7	7	4	0	0
smiley	011	25	4	7	3	3	1.0833333333333333	7	10	9	11	12	16	12	4	0	3
smiley	012	28	1	5	5	4	1.0909090909090908	0	11	12	8	7	3	7	4	0	0
smiley	013	29	2	3	3	6	1.0	3	13	15	9	11	6	9	4	0	0
smiley	014	38	2	3	8	6	1.0	4	11	13	14	14	9	4	4	0	0
smiley	015	40	0	4	8	8	1.1666666666666667	1	14	16	13	13	4	8	4	0	0
smiley	016	25	0	4	4	2	0.8461538461538461	5	5	6	12	11	15	5	3	0	2
smiley	017	19	2	7	2	3	0.9166666666666666	6	10	11	8	7	8	11	4	0	0
smiley	018	22	2	5	4	4	0.9090909090909091	7	7	8	10	9	10	5	4	0	0
smiley	019	74	2	0	10	15	1.1428571428571428	1	17	19	13	13	2	0	4	0	0
smiley	020	22	0	3	3	2	0.8333333333333334	4	6	7	8	9	9	4	3	0	0
smiley	021	30	2	1	5	6	0.9090909090909091	3	14	14	10	9	6	10	4	0	0
smiley	022	22	3	6	2	3	0.9166666666666666	7	9	9	11	11	14	7	4	0	1
smiley	023	64	0	0	10	13	0.9333333333333333	2	14	16	16	16	10	7	4	0	1
smiley	024	24	4	7	3	5	1.0	4	11	11	9	9	10	12	4	0	4
smiley	025	31	0	4	5	8	1.0909090909090908	2	12	13	11	12	7	8	4	0	1
smiley	026	22	6	5	3	1	1.1	5	13	14	9	10	8	12	4	0	0
smiley	027	25	3	5	5	4	1.0909090909090908	5	11	10	9	10	9	12	4	0	1
smiley	028	31	1	2	6	5	1.0	1	12	15	8	8	2	8	4	0	0
smiley	029	34	0	5	5	6	1.0833333333333333	1	14	16	10	10	3	7	4	0	0
smiley	030	35	1	1	6	7	0.9090909090909091	0	11	13	11	11	1	3	4	0	0
smiley	031	54	1	2	10	10	0.9230769230769231	4	11	14	13	15	7	3	4	0	0
smiley	032	30	2	3	4	5	1.0833333333333333	3	13	14	8	9	4	8	4	0	0
smiley	033	21	2	2	2	3	0.6363636363636364	3	7	6	9	9	9	8	4	0	3
smiley	034	35	0	2	7	8	1.0	6	9	11	16	16	14	5	4	0	0
smiley	035	33	1	7	4	7	1.2727272727272727	4	11	11	10	10	11	11	4	0	6
smiley	036	24	3	7	3	5	1.0833333333333333	4	12	10	7	7	9	12	4	0	4
smiley	037	43	0	2	9	7	1.0666666666666667	2	17	16	9	11	7	14	4	1	0
smiley	038	22	1	7	3	2	1.0833333333333333	2	10	11	8	9	10	13	4	0	1
smiley	039	35	0	5	5	6	1.1666666666666667	0	16	17	8	9	1	7	4	0	0
smiley	040	28	0	4	4	6	1.5	2	16	14	9	9	10	12	4	0	0
smiley	041	40	0	1	9	9	1.0	2	13	13	11	11	6	4	4	0	0
smiley	042	31	3	8	5	6	1.0714285714285714	7	12	13	12	13	12	10	4	0	0
smiley	043	27	4	7	5	5	1.1666666666666667	4	12	12	8	8	7	12	4	0	2
smiley	044	51	0	2	6	10	0.8666666666666667	1	14	15	9	14	3	9	4	0	0
smiley	045	28	3	5	5	6	1.1818181818181819	2	13	14	8	7	4	10	4	0	0
smiley	046	16	0	4	4	3	1.0	0	6	7	5	6	5	6	3	0	0
smiley	047	64	0	2	9	10	1.3076923076923077	0	18	16	13	11	5	6	4	2	0
smiley	048	18	2	8	2	0	1.0833333333333333	2	9	9	6	6	9	14	4	0	1
smiley	049	24	1	4	4	4	1.125	2	10	12	9	9	5	6	4	0	0
smiley	050	57	1	0	9	9	0.9285714285714286	2	13	18	14	14	5	3	4	0	0
smiley	051	25	4	4	4	4	1.0	2	12	12	7	7	6	10	4	0	0
smiley	052	26	3	7	2	3	1.0	8	10	10	14	14	18	10	4	0	1
smiley	053	28	1	6	5	3	1.6666666666666667	1	11	13	8	8	8	11	4	0	0
smiley	054	27	2	2	6	4	0.9090909090909091	3	9	9	9	10	5	3	4	0	0
smiley	055	27	1	5	4	6	1.0909090909090908	2	10	10	12	12	14	10	4	0	4
smiley	056	38	2	0	8	6	1.0909090909090908	2	12	10	10	10	3	0	4	0	0
smiley	057	18	1	5	1	3	0.8181818181818182	6	6	6	10	10	15	8	4	0	4
smiley	058	40	1	5	7	7	1.1818181818181819	3	13	13	12	12	8	10	4	0	2
smiley	059	32	2	5	6	5	0.7692307692307693	4	11	11	15	15	6	6	4	0	0
smiley	060	14	0	6	3	0	1.25	1	7	8	4	5	6	10	3	0	1
smiley	061	56	2	2	9	11	1.2727272727272727	2	18	21	12	10	4	17	4	0	1
smiley	062	32	1	1	6	6	1.0	1	13	12	5	4	7	16	4	0	2
smiley	063	40	1	5	5	6	1.0	8	10	12	19	19	19	7	4	0	0
smiley	064	33	3	6	6	7	1.1666666666666667	4	13	15	12	12	8	9	4	0	0
smiley	065	24	2	5	5	2	0.9285714285714286	2	9	9	8	8	9	10	4	0	0
smiley	066	19	3	6	2	3	1.0	7	9	9	9	9	9	7	4	0	0
smiley	067	19	1	5	2	3	1.0	4	8	8	10	10	14	10	4	0	3
smiley	068	16	2	5	3	2	1.125	2	8	8	8	6	7	9	4	0	0
smiley	069	33	2	8	3	5	1.0666666666666667	8	10	11	16	17	21	10	4	1	1
smiley	070	23	1	5	4	4	1.2	4	10	8	8	8	11	12	4	0	3
smiley	071	33	0	3	6	6	0.8333333333333334	2	11	12	14	15	9	6	4	0	0
smiley	072	63	0	1	11	13	1.0	1	17	22	15	13	6	8	4	0	0
smiley	073	27	4	4	5	7	0.9166666666666666	4	12	12	9	9	8	11	4	0	3
smiley	074	34	2	0	6	7	1.0	1	12	16	8	8	4	7	4	0	0
smiley	075	25	0	5	4	3	1.1818181818181819	7	13	15	8	8	7	12	4	0	0
smiley	076	28	2	5	5	6	1.0	2	12	14	9	9	6	11	4	0	1
smiley	077	35	0	2	6	7	1.1	2	13	16	9	9	3	9	4	0	0
smiley	078	21	1	9	1	2	1.4	6	11	13	7	7	11	13	4	0	2
smiley	079	63	0	3	9	11	1.3076923076923077	0	16	18	8	11	4	7	4	0	0
smiley	080	31	0	5	7	7	1.1666666666666667	0	13	12	9	10	5	10	4	0	1
smiley	081	18	3	4	2	2	1.25	0	10	9	6	7	8	11	4	0	1
smiley	082	43	1	3	7	9	1.2727272727272727	3	17	17	11	10	7	16	4	0	3
smiley	083	25	1	6	2	3	1.0	2	10	12	12	10	13	11	4	0	0
smiley	084	60	0	3	11	8	0.9285714285714286	2	12	16	22	18	8	4	4	0	0
smiley	085	36	1	6	4	7	1.0	4	12	12	12	12	13	10	4	0	4
smiley	086	25	1	5	3	2	1.0909090909090908	4	9	11	9	9	9	7	4	0	0
smiley	087	32	3	3	7	6	0.6	2	10	11	12	10	4	8	4	0	0
smiley	088	78	0	0	7	16	1.2307692307692308	0	20	22	10	10	2	0	4	0	0
smiley	089	27	3	9	5	5	1.25	4	13	13	9	9	8	14	4	0	1
smiley	090	23	1	4	4	4	1.0	4	11	10	8	5	7	12	4	0	2
smiley	091	26	3	7	4	6	1.0833333333333333	5	13	14	10	10	10	13	4	0	1
smiley	092	41	0	5	7	5	1.25	5	11	13	16	16	12	7	4	0	0
smiley	093	18	3	3	1	3	0.8181818181818182	4	7	9	8	8	11	8	4	0	1
smiley	094	20	2	4	3	2	1.0	1	8	10	6	6	6	9	4	0	0
smiley	095	34	2	5	6	6	1.3636363636363635	0	17	17	9	7	3	11	4	0	0
smiley	096	25	3	9	4	5	1.2727272727272727	4	13	13	8	8	8	14	4	0	3
smiley	097	38	2	1	7	6	1.1818181818181819	1	12	16	8	9	4	9	4	0	0
smiley	098	32	4	4	6	5	0.8461538461538461	3	11	11	14	14	10	7	4	0	1
smiley	099	26	0	2	4	4	1.1	4	12	12	9	9	6	9	4	0	1
xclaim	000	10	10	0	0	1	0.07692307692307693	2	2	2	10	10	10	1	2	0	0
xclaim	001	8	8	0	0	1	0.09090909090909091	2	2	2	8	8	8	1	2	0	0
xclaim	002	47	0	0	11	5	0.38461538461538464	0	6	5	7	8	0	2	2	0	0
xclaim	003	33	0	0	11	3	0.25	0	6	6	11	11	0	0	2	0	0
xclaim	004	29	7	0	3	3	0.29411764705882354	2	4	4	13	11	7	0	2	0	0
xclaim	005	11	11	0	0	1	0.08333333333333333	2	2	2	11	11	11	1	2	0	0
xclaim	006	38	0	0	8	4	0.2857142857142857	0	4	4	10	8	0	1	2	0	0
xclaim	007	10	10	0	0	1	0.08333333333333333	2	2	2	10	10	10	1	2	0	0
xclaim	008	15	15	0	0	1	0.0625	2	2	2	15	15	15	1	2	0	0
xclaim	009	13	13	0	0	1	0.06666666666666667	2	2	2	13	13	13	1	2	0	0
xclaim	010	10	10	0	0	1	0.06666666666666667	2	2	2	10	10	10	1	2	0	0
xclaim	011	11	11	1	0	1	0.14285714285714285	2	2	2	10	10	11	2	2	0	0
xclaim	012	16	0	0	0	2	0.2	0	4	4	8	8	0	0	2	0	0
xclaim	013	7	7	0	0	1	0.1111111111111111	2	2	2	7	7	7	1	2	0	0
xclaim	014	9	9	0	0	1	0.08333333333333333	2	2	2	9	9	9	1	2	0	0
xclaim	015	10	10	0	0	1	0.07692307692307693	2	2	2	10	10	10	1	2	0	0
xclaim	016	12	12	0	0	1	0.07142857142857142	2	2	2	12	12	12	1	2	0	0
xclaim	017	11	11	0	0	1	0.07692307692307693	2	2	2	11	11	11	1	2	0	0
xclaim	018	13	8	1	1	1	0.25	2	4	3	10	9	8	1	2	0	0
xclaim	019	35	0	1	5	3	0.3125	0	6	5	14	13	0	1	2	0	0
xclaim	020	10	10	0	0	1	0.08333333333333333	4	2	2	10	10	10	0	2	0	0
xclaim	021	11	11	0	0	1	0.08333333333333333	4	2	2	11	11	11	0	2	0	0
xclaim	022	59	0	0	16	4	0.2222222222222222	0	7	6	16	15	0	0	2	0	0
xclaim	023	14	5	0	3	3	0.3	2	4	4	8	8	5	0	2	0	0
xclaim	024	14	0	0	0	2	0.25	0	4	4	7	7	0	0	2	0	0
xclaim	025	10	10	1	0	1	0.15384615384615385	2	2	2	10	10	10	1	2	0	0
xclaim	026	22	0	0	0	2	0.16666666666666666	0	4	4	11	11	0	0	2	0	0
xclaim	027	10	8	0	0	2	0.2	2	2	2	8	8	8	1	2	0	0
xclaim	028	12	10	0	0	2	0.14285714285714285	2	2	2	10	10	10	1	2	0	0
xclaim	029	10	10	0	0	1	0.08333333333333333	2	2	2	10	10	10	1	2	0	0
xclaim	030	10	10	0	0	1	0.07692307692307693	2	2	2	10	10	10	1	2	0	0
xclaim	031	11	11	0	0	1	0.08333333333333333	2	2	2	11	11	11	1	2	0	0
xclaim	032	32	0	0	0	2	0.11764705882352941	0	4	4	16	16	0	0	2	0	0
xclaim	033	19	1	0	0	2	0.16666666666666666	0	4	3	10	9	1	0	2	0	0
xclaim	034	45	0	0	15	3	0.1875	0	6	6	15	15	0	0	2	0	0
xclaim	035	48	0	0	12	4	0.3076923076923077	0	8	8	12	12	0	0	2	0	0
xclaim	036	12	12	0	0	1	0.07142857142857142	2	2	2	12	12	12	1	2	0	0
xclaim	037	33	0	0	11	3	0.25	0	6	6	11	11	0	0	2	0	0
xclaim	038	14	14	0	0	1	0.06666666666666667	2	2	2	14	14	14	1	2	0	0
xclaim	039	33	0	0	11	3	0.23076923076923078	0	6	6	11	11	0	0	2	0	0
xclaim	040	15	11	0	0	1	0.14285714285714285	2	3	3	13	13	11	0	2	0	0
xclaim	041	13	11	1	0	1	0.14285714285714285	2	3	2	11	12	11	1	2	0	0
xclaim	042	13	13	0	0	1	0.06666666666666667	4	2	2	13	13	13	0	2	0	0
xclaim	043	13	9	0	0	2	0.15384615384615385	2	3	3	10	10	9	0	2	0	0
xclaim	044	11	11	0	0	1	0.08333333333333333	2	2	2	11	11	11	1	2	0	0
xclaim	045	13	13	0	0	1	0.06666666666666667	2	2	2	13	13	13	1	2	0	0
xclaim	046	24	0	0	0	2	0.15384615384615385	0	4	4	12	12	0	0	2	0	0
xclaim	047	43	2	0	10	4	0.26666666666666666	0	5	2	10	11	2	0	2	0	0
xclaim	048	10	10	0	0	1	0.08333333333333333	2	2	2	10	10	10	1	2	0	0
xclaim	049	36	0	0	12	3	0.21428571428571427	0	6	6	12	12	0	0	2	0	0
xclaim	050	10	10	0	0	1	0.07692307692307693	2	2	2	10	10	10	1	2	0	0
xclaim	051	33	0	0	11	3	0.25	0	6	6	11	11	0	0	2	0	0
xclaim	052	11	9	1	0	2	0.23076923076923078	2	2	2	9	9	9	1	2	0	0
xclaim	053	13	9	0	0	1	0.15384615384615385	1	2	3	11	10	9	1	2	0	0
xclaim	054	6	6	0	0	1	0.14285714285714285	2	2	2	6	6	6	1	2	0	0
xclaim	055	12	12	0	0	1	0.07692307692307693	2	2	2	12	12	12	1	2	0	0
xclaim	056	19	1	0	0	2	0.18181818181818182	0	3	4	10	9	1	0	2	0	0
xclaim	057	24	0	0	0	2	0.14285714285714285	0	4	4	12	12	0	0	2	0	0
xclaim	058	32	0	0	4	4	0.26666666666666666	0	6	6	12	12	0	0	2	0	0
xclaim	059	7	7	0	0	1	0.125	2	2	2	7	7	7	1	2	0	0
xclaim	060	10	8	1	0	1	0.2	2	2	2	7	9	8	2	2	0	0
xclaim	061	19	15	0	0	2	0.1111111111111111	1	2	2	15	15	15	1	2	0	0
xclaim	062	39	0	0	13	3	0.21428571428571427	0	6	6	13	13	0	0	2	0	0
xclaim	063	30	0	0	0	2	0.125	0	4	4	15	15	0	0	2	0	0
xclaim	064	119	0	0	17	7	0.3888888888888889	0	14	14	17	17	0	0	2	0	0
xclaim	065	14	12	0	0	2	0.14285714285714285	2	2	2	12	12	12	1	2	0	0
xclaim	066	16	0	0	0	2	0.2	0	4	4	8	8	0	0	2	0	0
xclaim	067	9	9	0	0	1	0.09090909090909091	2	2	2	9	9	9	1	2	0	0
xclaim	068	15	15	0	0	2	0.125	2	2	2	13	13	15	2	2	0	0
xclaim	069	28	4	0	8	3	0.21428571428571427	0	2	2	8	8	4	2	2	0	0
xclaim	070	10	10	0	0	1	0.07692307692307693	2	2	2	10	10	10	1	2	0	0
xclaim	071	10	8	0	0	1	0.16666666666666666	1	2	2	8	8	8	1	2	0	0
xclaim	072	13	13	0	0	1	0.06666666666666667	2	2	2	13	13	13	1	2	0	0
xclaim	073	25	0	1	1	2	0.21428571428571427	0	4	5	11	12	0	1	2	0	0
xclaim	074	9	9	0	0	1	0.07692307692307693	2	2	2	9	9	9	1	2	0	0
xclaim	075	8	8	0	0	1	0.1	2	2	2	8	8	8	1	2	0	0
xclaim	076	12	12	0	0	1	0.07692307692307693	4	2	2	12	12	12	0	2	0	0
xclaim	077	6	6	0	0	1	0.125	2	2	2	6	6	6	1	2	0	0
xclaim	078	9	9	0	0	1	0.08333333333333333	2	2	2	9	9	9	1	2	0	0
xclaim	079	6	6	0	0	1	0.14285714285714285	2	2	2	6	6	6	1	2	0	0
xclaim	080	18	0	0	0	2	0.2	2	4	4	9	9	0	2	2	0	0
xclaim	081	7	7	0	0	1	0.1111111111111111	2	2	2	7	7	7	1	2	0	0
xclaim	082	9	9	0	0	1	0.09090909090909091	4	2	2	9	9	9	0	2	0	0
xclaim	083	12	12	0	0	1	0.07692307692307693	4	2	2	12	12	12	0	2	0	0
xclaim	084	18	0	0	0	2	0.2	0	4	4	9	9	0	0	2	0	0
xclaim	085	12	10	1	0	1	0.23076923076923078	1	2	2	10	10	10	1	2	0	0
xclaim	086	10	10	0	0	1	0.08333333333333333	2	2	2	10	10	10	1	2	0	0
xclaim	087	8	8	0	0	1	0.1	2	2	2	8	8	8	1	2	0	0
xclaim	088	48	0	0	10	4	0.26666666666666666	0	6	6	14	14	0	0	2	0	0
xclaim	089	30	0	0	0	2	0.11764705882352941	0	4	4	15	15	0	0	2	0	0
xclaim	090	10	10	0	0	1	0.07142857142857142	2	2	2	10	10	10	1	2	0	0
xclaim	091	8	8	0	0	1	0.1111111111111111	2	2	2	8	8	8	1	2	0	0
xclaim	092	16	10	0	2	1	0.21428571428571427	2	4	4	12	12	10	0	2	0	0
xclaim	093	133	0	0	17	9	0.5	0	14	14	17	17	0	0	2	0	0
xclaim	094	20	0	0	0	2	0.16666666666666666	0	4	4	10	10	0	0	2	0	0
xclaim	095	13	7	0	0	2	0.15384615384615385	3	3	3	8	8	7	2	2	0	0
xclaim	096	10	10	0	0	1	0.09090909090909091	2	2	2	10	10	10	1	2	0	0
xclaim	097	11	11	0	0	1	0.07692307692307693	2	2	2	11	11	11	1	2	0	0
xclaim	098	15	9	0	2	1	0.23076923076923078	2	4	4	11	11	9	0	2	0	0
xclaim	099	24	0	0	0	2	0.15384615384615385	0	4	4	12	12	0	0	2	0	0
